[data] loaded index: 243 rooms from outputs_FLAC/exp12B_ssl/ssl_index.json
You are using a model of type dinov3_vit to instantiate a model of type cylindrical_dinov3_vit. This is not supported for all configurations of models and can yield errors.
step 25/30000 loss 17.9370 (dino 9.1182 ibot 8.4830 gram 0.0000 koleo 3.3587) lr 2.40e-06 0.921 it/s
step 50/30000 loss 18.0298 (dino 9.1574 ibot 8.4453 gram 0.0000 koleo 4.2710) lr 4.90e-06 0.971 it/s
step 75/30000 loss 17.7032 (dino 9.1343 ibot 8.3862 gram 0.0000 koleo 1.8264) lr 7.40e-06 0.991 it/s
step 100/30000 loss 17.5222 (dino 9.0964 ibot 8.3584 gram 0.0000 koleo 0.6737) lr 9.90e-06 1.000 it/s
step 125/30000 loss 17.4934 (dino 9.0825 ibot 8.2845 gram 0.0000 koleo 1.2645) lr 1.24e-05 1.005 it/s
step 150/30000 loss 17.6015 (dino 9.0011 ibot 8.2488 gram 0.0000 koleo 3.5159) lr 1.49e-05 1.008 it/s
step 175/30000 loss 17.3013 (dino 8.8990 ibot 8.1290 gram 0.0000 koleo 2.7328) lr 1.74e-05 1.010 it/s
step 200/30000 loss 17.0582 (dino 8.8528 ibot 8.0483 gram 0.0000 koleo 1.5708) lr 1.99e-05 1.013 it/s
step 225/30000 loss 16.9385 (dino 8.7521 ibot 7.9942 gram 0.0000 koleo 1.9227) lr 2.24e-05 1.014 it/s
step 250/30000 loss 16.8232 (dino 8.7568 ibot 7.9360 gram 0.0000 koleo 1.3048) lr 2.49e-05 1.015 it/s
step 275/30000 loss 16.5337 (dino 8.6250 ibot 7.8940 gram 0.0000 koleo 0.1468) lr 2.74e-05 1.016 it/s
step 300/30000 loss 16.9311 (dino 8.7074 ibot 7.7925 gram 0.0000 koleo 4.3117) lr 2.99e-05 1.017 it/s
step 325/30000 loss 16.7154 (dino 8.5557 ibot 7.7592 gram 0.0000 koleo 4.0052) lr 3.24e-05 1.018 it/s
step 350/30000 loss 16.5714 (dino 8.5729 ibot 7.7389 gram 0.0000 koleo 2.5955) lr 3.49e-05 1.019 it/s
step 375/30000 loss 16.3088 (dino 8.4535 ibot 7.6223 gram 0.0000 koleo 2.3301) lr 3.74e-05 1.020 it/s
step 400/30000 loss 16.1805 (dino 8.3655 ibot 7.5207 gram 0.0000 koleo 2.9425) lr 3.99e-05 1.020 it/s
step 425/30000 loss 15.4709 (dino 8.0519 ibot 7.4187 gram 0.0000 koleo 0.0036) lr 4.24e-05 1.021 it/s
step 450/30000 loss 15.6613 (dino 8.2055 ibot 7.2071 gram 0.0000 koleo 2.4871) lr 4.49e-05 1.021 it/s
step 475/30000 loss 14.4492 (dino 7.2963 ibot 6.9522 gram 0.0000 koleo 2.0073) lr 4.74e-05 1.021 it/s
step 500/30000 loss 12.9658 (dino 5.8075 ibot 6.8159 gram 0.0000 koleo 3.4249) lr 4.99e-05 1.022 it/s
step 525/30000 loss 12.6492 (dino 5.8497 ibot 6.4072 gram 0.0000 koleo 3.9225) lr 5.24e-05 1.022 it/s
step 550/30000 loss 12.4738 (dino 6.1103 ibot 6.0845 gram 0.0000 koleo 2.7901) lr 5.49e-05 1.022 it/s
step 575/30000 loss 11.5700 (dino 5.5621 ibot 5.9242 gram 0.0000 koleo 0.8369) lr 5.74e-05 1.022 it/s
step 600/30000 loss 10.1479 (dino 4.3815 ibot 5.5170 gram 0.0000 koleo 2.4938) lr 5.99e-05 1.023 it/s
step 625/30000 loss 9.6813 (dino 3.9598 ibot 5.5006 gram 0.0000 koleo 2.2081) lr 6.24e-05 1.023 it/s
step 650/30000 loss 7.8752 (dino 2.8605 ibot 4.7557 gram 0.0000 koleo 2.5901) lr 6.49e-05 1.023 it/s
step 675/30000 loss 7.6035 (dino 2.8762 ibot 4.6334 gram 0.0000 koleo 0.9391) lr 6.74e-05 1.023 it/s
step 700/30000 loss 7.1804 (dino 3.4132 ibot 3.4430 gram 0.0000 koleo 3.2428) lr 6.99e-05 1.023 it/s
step 725/30000 loss 6.8628 (dino 3.0413 ibot 3.6958 gram 0.0000 koleo 1.2568) lr 7.24e-05 1.023 it/s
step 750/30000 loss 6.5380 (dino 2.4432 ibot 3.7989 gram 0.0000 koleo 2.9589) lr 7.49e-05 1.023 it/s
step 775/30000 loss 4.5427 (dino 1.2650 ibot 3.2602 gram 0.0000 koleo 0.1755) lr 7.74e-05 1.023 it/s
step 800/30000 loss 4.5659 (dino 1.7018 ibot 2.4998 gram 0.0000 koleo 3.6428) lr 7.99e-05 1.023 it/s
step 825/30000 loss 4.4437 (dino 1.4223 ibot 2.7798 gram 0.0000 koleo 2.4159) lr 8.24e-05 1.023 it/s
step 850/30000 loss 3.5089 (dino 0.9269 ibot 2.1631 gram 0.0000 koleo 4.1884) lr 8.49e-05 1.023 it/s
step 875/30000 loss 2.8386 (dino 0.8606 ibot 1.8366 gram 0.0000 koleo 1.4139) lr 8.74e-05 1.024 it/s
step 900/30000 loss 3.0309 (dino 0.8884 ibot 1.9230 gram 0.0000 koleo 2.1944) lr 8.99e-05 1.024 it/s
step 925/30000 loss 2.8680 (dino 0.7935 ibot 1.6698 gram 0.0000 koleo 4.0467) lr 9.24e-05 1.024 it/s
step 950/30000 loss 2.4950 (dino 0.7455 ibot 1.3058 gram 0.0000 koleo 4.4372) lr 9.49e-05 1.024 it/s
step 975/30000 loss 1.9754 (dino 0.4551 ibot 1.1042 gram 0.0000 koleo 4.1608) lr 9.74e-05 1.024 it/s
step 1000/30000 loss 1.8401 (dino 0.6846 ibot 1.0118 gram 0.0000 koleo 1.4370) lr 9.99e-05 1.024 it/s
step 1025/30000 loss 1.6816 (dino 0.4212 ibot 1.1068 gram 0.0000 koleo 1.5354) lr 1.00e-04 1.025 it/s
step 1050/30000 loss 1.2950 (dino 0.3202 ibot 0.6448 gram 0.0000 koleo 3.2997) lr 1.00e-04 1.025 it/s
step 1075/30000 loss 1.2405 (dino 0.3539 ibot 0.7532 gram 0.0000 koleo 1.3341) lr 1.00e-04 1.025 it/s
step 1100/30000 loss 0.9002 (dino 0.2312 ibot 0.4932 gram 0.0000 koleo 1.7587) lr 1.00e-04 1.025 it/s
step 1125/30000 loss 1.0299 (dino 0.2309 ibot 0.3928 gram 0.0000 koleo 4.0611) lr 1.00e-04 1.025 it/s
step 1150/30000 loss 0.8832 (dino 0.2605 ibot 0.3783 gram 0.0000 koleo 2.4438) lr 1.00e-04 1.025 it/s
step 1175/30000 loss 1.0880 (dino 0.3713 ibot 0.4283 gram 0.0000 koleo 2.8835) lr 1.00e-04 1.026 it/s
step 1200/30000 loss 1.3383 (dino 0.8743 ibot 0.3754 gram 0.0000 koleo 0.8857) lr 1.00e-04 1.026 it/s
step 1225/30000 loss 0.9552 (dino 0.4252 ibot 0.3268 gram 0.0000 koleo 2.0316) lr 1.00e-04 1.026 it/s
step 1250/30000 loss 1.2282 (dino 0.7113 ibot 0.4332 gram 0.0000 koleo 0.8369) lr 1.00e-04 1.026 it/s
step 1275/30000 loss 1.8766 (dino 1.1491 ibot 0.4926 gram 0.0000 koleo 2.3493) lr 1.00e-04 1.026 it/s
step 1300/30000 loss 2.1582 (dino 1.2415 ibot 0.4543 gram 0.0000 koleo 4.6234) lr 1.00e-04 1.026 it/s
step 1325/30000 loss 2.0744 (dino 1.5015 ibot 0.4557 gram 0.0000 koleo 1.1716) lr 1.00e-04 1.026 it/s
step 1350/30000 loss 2.1658 (dino 1.5776 ibot 0.4042 gram 0.0000 koleo 1.8397) lr 1.00e-04 1.026 it/s
step 1375/30000 loss 2.4607 (dino 1.6884 ibot 0.3718 gram 0.0000 koleo 4.0046) lr 1.00e-04 1.027 it/s
step 1400/30000 loss 2.9872 (dino 2.5284 ibot 0.4546 gram 0.0000 koleo 0.0421) lr 1.00e-04 1.027 it/s
step 1425/30000 loss 3.1197 (dino 2.4102 ibot 0.4830 gram 0.0000 koleo 2.2653) lr 9.99e-05 1.027 it/s
step 1450/30000 loss 4.3164 (dino 3.5031 ibot 0.4680 gram 0.0000 koleo 3.4535) lr 9.99e-05 1.027 it/s
step 1475/30000 loss 3.8846 (dino 3.1942 ibot 0.4581 gram 0.0000 koleo 2.3237) lr 9.99e-05 1.027 it/s
step 1500/30000 loss 3.9517 (dino 3.5256 ibot 0.4261 gram 0.0000 koleo 0.0004) lr 9.99e-05 1.027 it/s
step 1525/30000 loss 4.2020 (dino 3.5733 ibot 0.5514 gram 0.0000 koleo 0.7735) lr 9.99e-05 1.027 it/s
step 1550/30000 loss 4.6549 (dino 3.8929 ibot 0.5088 gram 0.0000 koleo 2.5324) lr 9.99e-05 1.027 it/s
step 1575/30000 loss 4.4227 (dino 3.5988 ibot 0.6161 gram 0.0000 koleo 2.0776) lr 9.99e-05 1.027 it/s
step 1600/30000 loss 5.7353 (dino 4.8974 ibot 0.7229 gram 0.0000 koleo 1.1501) lr 9.99e-05 1.027 it/s
step 1625/30000 loss 4.4784 (dino 3.8858 ibot 0.5112 gram 0.0000 koleo 0.8143) lr 9.99e-05 1.027 it/s
step 1650/30000 loss 5.8841 (dino 5.1694 ibot 0.7188 gram 0.0000 koleo -0.0409) lr 9.99e-05 1.027 it/s
step 1675/30000 loss 5.3536 (dino 4.2628 ibot 1.0468 gram 0.0000 koleo 0.4394) lr 9.99e-05 1.027 it/s
step 1700/30000 loss 5.1952 (dino 4.3773 ibot 0.8219 gram 0.0000 koleo -0.0400) lr 9.99e-05 1.027 it/s
step 1725/30000 loss 4.9500 (dino 3.6821 ibot 0.9984 gram 0.0000 koleo 2.6948) lr 9.98e-05 1.027 it/s
step 1750/30000 loss 5.5565 (dino 4.1138 ibot 1.3658 gram 0.0000 koleo 0.7683) lr 9.98e-05 1.027 it/s
step 1775/30000 loss 6.1659 (dino 4.6115 ibot 1.2809 gram 0.0000 koleo 2.7353) lr 9.98e-05 1.027 it/s
step 1800/30000 loss 5.9259 (dino 4.9841 ibot 0.8312 gram 0.0000 koleo 1.1057) lr 9.98e-05 1.027 it/s
step 1825/30000 loss 6.0643 (dino 4.8644 ibot 1.0443 gram 0.0000 koleo 1.5557) lr 9.98e-05 1.027 it/s
step 1850/30000 loss 5.3264 (dino 3.7337 ibot 1.2972 gram 0.0000 koleo 2.9555) lr 9.98e-05 1.027 it/s
step 1875/30000 loss 6.5476 (dino 4.6315 ibot 1.5846 gram 0.0000 koleo 3.3156) lr 9.98e-05 1.027 it/s
step 1900/30000 loss 6.2806 (dino 4.7782 ibot 1.4577 gram 0.0000 koleo 0.4466) lr 9.98e-05 1.027 it/s
step 1925/30000 loss 5.1695 (dino 3.5110 ibot 1.4306 gram 0.0000 koleo 2.2791) lr 9.98e-05 1.027 it/s
step 1950/30000 loss 5.4717 (dino 3.9822 ibot 1.4491 gram 0.0000 koleo 0.4044) lr 9.97e-05 1.027 it/s
step 1975/30000 loss 5.6010 (dino 4.2786 ibot 1.0791 gram 0.0000 koleo 2.4339) lr 9.97e-05 1.027 it/s
step 2000/30000 loss 6.1526 (dino 4.6251 ibot 1.2904 gram 0.0000 koleo 2.3719) lr 9.97e-05 1.027 it/s
step 2025/30000 loss 6.1822 (dino 4.4578 ibot 1.6185 gram 0.0000 koleo 1.0591) lr 9.97e-05 1.027 it/s
step 2050/30000 loss 5.2010 (dino 3.6387 ibot 1.4435 gram 0.0000 koleo 1.1880) lr 9.97e-05 1.027 it/s
step 2075/30000 loss 6.4941 (dino 5.0518 ibot 1.3713 gram 0.0000 koleo 0.7098) lr 9.97e-05 1.027 it/s
step 2100/30000 loss 6.1770 (dino 4.1641 ibot 1.6629 gram 0.0000 koleo 3.5002) lr 9.96e-05 1.027 it/s
step 2125/30000 loss 4.5305 (dino 3.1231 ibot 1.2230 gram 0.0000 koleo 1.8443) lr 9.96e-05 1.027 it/s
step 2150/30000 loss 5.4063 (dino 3.9681 ibot 1.3481 gram 0.0000 koleo 0.9005) lr 9.96e-05 1.027 it/s
step 2175/30000 loss 5.6734 (dino 3.6440 ibot 1.8769 gram 0.0000 koleo 1.5253) lr 9.96e-05 1.027 it/s
step 2200/30000 loss 6.3662 (dino 4.2963 ibot 1.8028 gram 0.0000 koleo 2.6714) lr 9.96e-05 1.027 it/s
step 2225/30000 loss 6.9937 (dino 5.5418 ibot 1.3851 gram 0.0000 koleo 0.6678) lr 9.96e-05 1.028 it/s
step 2250/30000 loss 5.5164 (dino 3.6138 ibot 1.6336 gram 0.0000 koleo 2.6896) lr 9.95e-05 1.028 it/s
step 2275/30000 loss 5.8757 (dino 3.9581 ibot 1.9301 gram 0.0000 koleo -0.1250) lr 9.95e-05 1.028 it/s
step 2300/30000 loss 6.7960 (dino 4.1318 ibot 2.4296 gram 0.0000 koleo 2.3465) lr 9.95e-05 1.028 it/s
step 2325/30000 loss 6.8624 (dino 4.7034 ibot 1.9722 gram 0.0000 koleo 1.8676) lr 9.95e-05 1.028 it/s
step 2350/30000 loss 6.8172 (dino 4.7449 ibot 1.7587 gram 0.0000 koleo 3.1365) lr 9.95e-05 1.028 it/s
step 2375/30000 loss 5.7393 (dino 3.7629 ibot 1.7925 gram 0.0000 koleo 1.8382) lr 9.95e-05 1.028 it/s
step 2400/30000 loss 6.9831 (dino 4.6212 ibot 2.0971 gram 0.0000 koleo 2.6479) lr 9.94e-05 1.028 it/s
step 2425/30000 loss 6.4777 (dino 4.6614 ibot 1.6556 gram 0.0000 koleo 1.6073) lr 9.94e-05 1.028 it/s
step 2450/30000 loss 5.2405 (dino 3.7202 ibot 1.4803 gram 0.0000 koleo 0.4002) lr 9.94e-05 1.028 it/s
step 2475/30000 loss 5.8601 (dino 4.0041 ibot 1.7867 gram 0.0000 koleo 0.6933) lr 9.94e-05 1.028 it/s
step 2500/30000 loss 5.9037 (dino 3.7622 ibot 2.1594 gram 0.0000 koleo -0.1788) lr 9.93e-05 1.028 it/s
step 2525/30000 loss 5.7031 (dino 3.5430 ibot 1.8176 gram 0.0000 koleo 3.4251) lr 9.93e-05 1.028 it/s
step 2550/30000 loss 6.0851 (dino 3.8290 ibot 2.1890 gram 0.0000 koleo 0.6712) lr 9.93e-05 1.028 it/s
step 2575/30000 loss 6.0211 (dino 4.1699 ibot 1.7512 gram 0.0000 koleo 1.0005) lr 9.93e-05 1.028 it/s
step 2600/30000 loss 6.5404 (dino 4.5376 ibot 1.9194 gram 0.0000 koleo 0.8337) lr 9.93e-05 1.028 it/s
step 2625/30000 loss 6.2006 (dino 4.0103 ibot 2.0094 gram 0.0000 koleo 1.8087) lr 9.92e-05 1.028 it/s
step 2650/30000 loss 6.9060 (dino 4.8222 ibot 2.0983 gram 0.0000 koleo -0.1449) lr 9.92e-05 1.028 it/s
step 2675/30000 loss 6.0308 (dino 3.6796 ibot 2.0768 gram 0.0000 koleo 2.7436) lr 9.92e-05 1.028 it/s
step 2700/30000 loss 6.9582 (dino 4.3502 ibot 2.2907 gram 0.0000 koleo 3.1719) lr 9.92e-05 1.028 it/s
step 2725/30000 loss 5.9934 (dino 3.8635 ibot 2.0652 gram 0.0000 koleo 0.6469) lr 9.91e-05 1.028 it/s
step 2750/30000 loss 6.5599 (dino 4.4352 ibot 2.0237 gram 0.0000 koleo 1.0101) lr 9.91e-05 1.028 it/s
step 2775/30000 loss 5.7628 (dino 3.6741 ibot 1.8086 gram 0.0000 koleo 2.8007) lr 9.91e-05 1.028 it/s
step 2800/30000 loss 5.7405 (dino 3.9841 ibot 1.7726 gram 0.0000 koleo -0.1617) lr 9.91e-05 1.028 it/s
step 2825/30000 loss 5.7854 (dino 3.7600 ibot 1.9231 gram 0.0000 koleo 1.0235) lr 9.90e-05 1.028 it/s
step 2850/30000 loss 6.3465 (dino 4.3612 ibot 1.9200 gram 0.0000 koleo 0.6527) lr 9.90e-05 1.028 it/s
step 2875/30000 loss 5.7558 (dino 3.6555 ibot 1.8692 gram 0.0000 koleo 2.3111) lr 9.90e-05 1.028 it/s
step 2900/30000 loss 6.0253 (dino 3.5737 ibot 2.3889 gram 0.0000 koleo 0.6260) lr 9.90e-05 1.027 it/s
step 2925/30000 loss 5.0856 (dino 2.7172 ibot 1.9037 gram 0.0000 koleo 4.6465) lr 9.89e-05 1.027 it/s
step 2950/30000 loss 5.2921 (dino 3.1301 ibot 2.0940 gram 0.0000 koleo 0.6797) lr 9.89e-05 1.027 it/s
step 2975/30000 loss 5.7188 (dino 3.9048 ibot 1.7469 gram 0.0000 koleo 0.6714) lr 9.89e-05 1.028 it/s
step 3000/30000 loss 5.9508 (dino 3.6522 ibot 2.3143 gram 0.0000 koleo -0.1574) lr 9.88e-05 1.028 it/s
step 3025/30000 loss 6.7588 (dino 4.4376 ibot 2.2231 gram 0.0000 koleo 0.9814) lr 9.88e-05 1.028 it/s
step 3050/30000 loss 6.0796 (dino 3.6896 ibot 2.2047 gram 0.0000 koleo 1.8526) lr 9.88e-05 1.028 it/s
step 3075/30000 loss 6.2272 (dino 3.6343 ibot 2.1795 gram 0.0000 koleo 4.1340) lr 9.88e-05 1.028 it/s
step 3100/30000 loss 5.3323 (dino 2.9646 ibot 2.1047 gram 0.0000 koleo 2.6304) lr 9.87e-05 1.028 it/s
step 3125/30000 loss 6.2215 (dino 4.1452 ibot 2.0096 gram 0.0000 koleo 0.6672) lr 9.87e-05 1.028 it/s
step 3150/30000 loss 6.9369 (dino 4.5872 ibot 2.1656 gram 0.0000 koleo 1.8405) lr 9.87e-05 1.028 it/s
step 3175/30000 loss 6.4459 (dino 4.1206 ibot 2.0565 gram 0.0000 koleo 2.6882) lr 9.86e-05 1.028 it/s
step 3200/30000 loss 6.6873 (dino 4.3647 ibot 2.2558 gram 0.0000 koleo 0.6670) lr 9.86e-05 1.028 it/s
step 3225/30000 loss 6.1842 (dino 4.2911 ibot 1.7122 gram 0.0000 koleo 1.8092) lr 9.86e-05 1.028 it/s
step 3250/30000 loss 7.0730 (dino 4.6591 ibot 2.2015 gram 0.0000 koleo 2.1248) lr 9.85e-05 1.028 it/s
step 3275/30000 loss 5.6312 (dino 3.5830 ibot 1.9482 gram 0.0000 koleo 1.0003) lr 9.85e-05 1.028 it/s
step 3300/30000 loss 6.6189 (dino 4.2543 ibot 2.3834 gram 0.0000 koleo -0.1878) lr 9.85e-05 1.028 it/s
step 3325/30000 loss 5.8260 (dino 3.7415 ibot 1.9849 gram 0.0000 koleo 0.9961) lr 9.84e-05 1.028 it/s
step 3350/30000 loss 6.4437 (dino 4.3434 ibot 2.1185 gram 0.0000 koleo -0.1814) lr 9.84e-05 1.028 it/s
step 3375/30000 loss 6.3977 (dino 4.2419 ibot 1.9250 gram 0.0000 koleo 2.3080) lr 9.84e-05 1.028 it/s
step 3400/30000 loss 6.0222 (dino 3.8088 ibot 2.1475 gram 0.0000 koleo 0.6592) lr 9.83e-05 1.028 it/s
step 3425/30000 loss 6.3053 (dino 4.1196 ibot 2.0325 gram 0.0000 koleo 1.5322) lr 9.83e-05 1.028 it/s
step 3450/30000 loss 7.1301 (dino 4.3261 ibot 2.2169 gram 0.0000 koleo 5.8712) lr 9.83e-05 1.028 it/s
step 3475/30000 loss 7.3737 (dino 4.4940 ibot 2.4958 gram 0.0000 koleo 3.8398) lr 9.82e-05 1.028 it/s
step 3500/30000 loss 7.5371 (dino 4.8088 ibot 2.4649 gram 0.0000 koleo 2.6349) lr 9.82e-05 1.028 it/s
step 3525/30000 loss 7.2302 (dino 4.4121 ibot 2.4884 gram 0.0000 koleo 3.2966) lr 9.82e-05 1.028 it/s
step 3550/30000 loss 6.8555 (dino 4.4376 ibot 2.2038 gram 0.0000 koleo 2.1419) lr 9.81e-05 1.028 it/s
step 3575/30000 loss 5.4067 (dino 3.3026 ibot 2.1223 gram 0.0000 koleo -0.1816) lr 9.81e-05 1.028 it/s
step 3600/30000 loss 6.0949 (dino 3.6302 ibot 2.0845 gram 0.0000 koleo 3.8021) lr 9.81e-05 1.028 it/s
step 3625/30000 loss 6.6707 (dino 4.1530 ibot 2.2902 gram 0.0000 koleo 2.2754) lr 9.80e-05 1.028 it/s
step 3650/30000 loss 5.9720 (dino 3.7031 ibot 2.2838 gram 0.0000 koleo -0.1493) lr 9.80e-05 1.028 it/s
step 3675/30000 loss 6.5696 (dino 4.0244 ibot 2.4456 gram 0.0000 koleo 0.9955) lr 9.79e-05 1.028 it/s
step 3700/30000 loss 5.9030 (dino 3.1414 ibot 2.3191 gram 0.0000 koleo 4.4255) lr 9.79e-05 1.028 it/s
step 3725/30000 loss 6.4703 (dino 3.9663 ibot 2.2739 gram 0.0000 koleo 2.3007) lr 9.79e-05 1.028 it/s
step 3750/30000 loss 5.9511 (dino 3.5324 ibot 2.2719 gram 0.0000 koleo 1.4676) lr 9.78e-05 1.028 it/s
step 3775/30000 loss 6.5566 (dino 4.0846 ibot 2.4079 gram 0.0000 koleo 0.6411) lr 9.78e-05 1.028 it/s
step 3800/30000 loss 6.6185 (dino 4.0438 ibot 2.1458 gram 0.0000 koleo 4.2890) lr 9.77e-05 1.028 it/s
step 3825/30000 loss 6.6883 (dino 4.0276 ibot 2.3320 gram 0.0000 koleo 3.2869) lr 9.77e-05 1.028 it/s
step 3850/30000 loss 6.6486 (dino 4.4123 ibot 1.9976 gram 0.0000 koleo 2.3858) lr 9.77e-05 1.028 it/s
step 3875/30000 loss 6.4384 (dino 4.0430 ibot 2.1336 gram 0.0000 koleo 2.6180) lr 9.76e-05 1.028 it/s
step 3900/30000 loss 6.0925 (dino 3.9481 ibot 2.1128 gram 0.0000 koleo 0.3159) lr 9.76e-05 1.028 it/s
step 3925/30000 loss 6.3045 (dino 3.6690 ibot 2.4564 gram 0.0000 koleo 1.7907) lr 9.75e-05 1.028 it/s
step 3950/30000 loss 6.9530 (dino 4.4516 ibot 2.3566 gram 0.0000 koleo 1.4482) lr 9.75e-05 1.028 it/s
step 3975/30000 loss 6.6990 (dino 4.3298 ibot 2.1886 gram 0.0000 koleo 1.8063) lr 9.75e-05 1.028 it/s
step 4000/30000 loss 7.2473 (dino 4.6370 ibot 2.2629 gram 0.0000 koleo 3.4731) lr 9.74e-05 1.028 it/s
step 4025/30000 loss 6.7878 (dino 4.3148 ibot 2.3752 gram 0.0000 koleo 0.9777) lr 9.74e-05 1.028 it/s
step 4050/30000 loss 7.2669 (dino 4.6474 ibot 2.4007 gram 0.0000 koleo 2.1882) lr 9.73e-05 1.028 it/s
step 4075/30000 loss 6.9033 (dino 4.3742 ibot 2.3498 gram 0.0000 koleo 1.7924) lr 9.73e-05 1.028 it/s
step 4100/30000 loss 6.8539 (dino 4.3258 ibot 2.2135 gram 0.0000 koleo 3.1450) lr 9.72e-05 1.028 it/s
step 4125/30000 loss 6.6573 (dino 4.2177 ibot 2.4560 gram 0.0000 koleo -0.1636) lr 9.72e-05 1.028 it/s
step 4150/30000 loss 6.6556 (dino 4.0439 ibot 2.3176 gram 0.0000 koleo 2.9406) lr 9.71e-05 1.028 it/s
step 4175/30000 loss 7.5845 (dino 4.7074 ibot 2.4974 gram 0.0000 koleo 3.7973) lr 9.71e-05 1.028 it/s
step 4200/30000 loss 6.3645 (dino 4.0808 ibot 2.0696 gram 0.0000 koleo 2.1405) lr 9.71e-05 1.028 it/s
step 4225/30000 loss 6.7910 (dino 3.9602 ibot 2.6500 gram 0.0000 koleo 1.8081) lr 9.70e-05 1.028 it/s
step 4250/30000 loss 7.5811 (dino 4.7152 ibot 2.7270 gram 0.0000 koleo 1.3898) lr 9.70e-05 1.028 it/s
step 4275/30000 loss 7.8092 (dino 5.1131 ibot 2.5496 gram 0.0000 koleo 1.4649) lr 9.69e-05 1.028 it/s
step 4300/30000 loss 6.9697 (dino 4.4922 ibot 2.4121 gram 0.0000 koleo 0.6539) lr 9.69e-05 1.029 it/s
step 4325/30000 loss 7.2492 (dino 4.6767 ibot 2.5107 gram 0.0000 koleo 0.6178) lr 9.68e-05 1.028 it/s
step 4350/30000 loss 7.1982 (dino 4.2983 ibot 2.6037 gram 0.0000 koleo 2.9619) lr 9.68e-05 1.028 it/s
step 4375/30000 loss 6.5250 (dino 4.1307 ibot 2.2792 gram 0.0000 koleo 1.1508) lr 9.67e-05 1.028 it/s
step 4400/30000 loss 7.2243 (dino 4.4322 ibot 2.4441 gram 0.0000 koleo 3.4796) lr 9.67e-05 1.028 it/s
step 4425/30000 loss 6.9786 (dino 4.3354 ibot 2.6620 gram 0.0000 koleo -0.1876) lr 9.66e-05 1.028 it/s
step 4450/30000 loss 6.3266 (dino 3.9578 ibot 2.3020 gram 0.0000 koleo 0.6671) lr 9.66e-05 1.028 it/s
step 4475/30000 loss 7.7031 (dino 4.9661 ibot 2.6261 gram 0.0000 koleo 1.1101) lr 9.65e-05 1.028 it/s
step 4500/30000 loss 6.8776 (dino 4.2070 ibot 2.4898 gram 0.0000 koleo 1.8083) lr 9.65e-05 1.028 it/s
step 4525/30000 loss 7.0112 (dino 4.3779 ibot 2.5665 gram 0.0000 koleo 0.6678) lr 9.64e-05 1.028 it/s
step 4550/30000 loss 6.3795 (dino 3.6711 ibot 2.4119 gram 0.0000 koleo 2.9650) lr 9.64e-05 1.028 it/s
step 4575/30000 loss 7.0386 (dino 4.6449 ibot 2.2138 gram 0.0000 koleo 1.7985) lr 9.63e-05 1.028 it/s
step 4600/30000 loss 6.5051 (dino 3.9677 ibot 2.3593 gram 0.0000 koleo 1.7804) lr 9.63e-05 1.028 it/s
step 4625/30000 loss 7.4502 (dino 4.5245 ibot 2.7377 gram 0.0000 koleo 1.8801) lr 9.62e-05 1.028 it/s
step 4650/30000 loss 7.4802 (dino 4.7728 ibot 2.6446 gram 0.0000 koleo 0.6280) lr 9.62e-05 1.028 it/s
step 4675/30000 loss 6.9589 (dino 4.2082 ibot 2.4408 gram 0.0000 koleo 3.0984) lr 9.61e-05 1.028 it/s
step 4700/30000 loss 7.5336 (dino 4.7880 ibot 2.5664 gram 0.0000 koleo 1.7922) lr 9.61e-05 1.028 it/s
step 4725/30000 loss 6.9903 (dino 4.5494 ibot 2.4597 gram 0.0000 koleo -0.1880) lr 9.60e-05 1.028 it/s
step 4750/30000 loss 7.7096 (dino 4.8425 ibot 2.6871 gram 0.0000 koleo 1.8001) lr 9.60e-05 1.028 it/s
step 4775/30000 loss 7.1085 (dino 4.4205 ibot 2.6246 gram 0.0000 koleo 0.6334) lr 9.59e-05 1.028 it/s
step 4800/30000 loss 6.7295 (dino 4.2617 ibot 2.4038 gram 0.0000 koleo 0.6401) lr 9.59e-05 1.028 it/s
step 4825/30000 loss 6.5249 (dino 4.0671 ibot 2.3130 gram 0.0000 koleo 1.4483) lr 9.58e-05 1.028 it/s
step 4850/30000 loss 7.8697 (dino 5.1354 ibot 2.5138 gram 0.0000 koleo 2.2056) lr 9.58e-05 1.028 it/s
step 4875/30000 loss 7.8129 (dino 5.0157 ibot 2.8187 gram 0.0000 koleo -0.2159) lr 9.57e-05 1.028 it/s
step 4900/30000 loss 7.7745 (dino 4.8640 ibot 2.7339 gram 0.0000 koleo 1.7667) lr 9.56e-05 1.028 it/s
step 4925/30000 loss 6.9023 (dino 4.1364 ibot 2.3860 gram 0.0000 koleo 3.7988) lr 9.56e-05 1.028 it/s
step 4950/30000 loss 6.4849 (dino 3.9835 ibot 2.4024 gram 0.0000 koleo 0.9907) lr 9.55e-05 1.028 it/s
step 4975/30000 loss 7.2421 (dino 4.6084 ibot 2.5382 gram 0.0000 koleo 0.9557) lr 9.55e-05 1.028 it/s
step 5000/30000 loss 7.2883 (dino 4.3175 ibot 2.6514 gram 0.0000 koleo 3.1940) lr 9.54e-05 1.028 it/s
step 5025/30000 loss 6.9561 (dino 4.2296 ibot 2.5161 gram 0.0000 koleo 2.1042) lr 9.54e-05 1.028 it/s
step 5050/30000 loss 6.8480 (dino 4.4387 ibot 2.1466 gram 0.0000 koleo 2.6274) lr 9.53e-05 1.028 it/s
step 5075/30000 loss 7.3075 (dino 4.3245 ibot 2.7698 gram 0.0000 koleo 2.1323) lr 9.53e-05 1.028 it/s
step 5100/30000 loss 8.0732 (dino 5.0034 ibot 2.7768 gram 0.0000 koleo 2.9306) lr 9.52e-05 1.028 it/s
step 5125/30000 loss 6.9651 (dino 4.4354 ibot 2.2360 gram 0.0000 koleo 2.9378) lr 9.51e-05 1.028 it/s
step 5150/30000 loss 7.2303 (dino 4.5498 ibot 2.5367 gram 0.0000 koleo 1.4375) lr 9.51e-05 1.028 it/s
step 5175/30000 loss 6.8221 (dino 4.4524 ibot 2.2721 gram 0.0000 koleo 0.9766) lr 9.50e-05 1.028 it/s
step 5200/30000 loss 7.6380 (dino 4.6340 ibot 3.0241 gram 0.0000 koleo -0.2004) lr 9.50e-05 1.028 it/s
step 5225/30000 loss 7.5473 (dino 4.6033 ibot 2.7961 gram 0.0000 koleo 1.4786) lr 9.49e-05 1.028 it/s
step 5250/30000 loss 7.4086 (dino 4.4906 ibot 2.6557 gram 0.0000 koleo 2.6237) lr 9.48e-05 1.028 it/s
step 5275/30000 loss 8.2397 (dino 5.2480 ibot 2.8121 gram 0.0000 koleo 1.7962) lr 9.48e-05 1.028 it/s
step 5300/30000 loss 6.9212 (dino 4.3350 ibot 2.3744 gram 0.0000 koleo 2.1170) lr 9.47e-05 1.028 it/s
step 5325/30000 loss 7.7839 (dino 5.1092 ibot 2.5785 gram 0.0000 koleo 0.9625) lr 9.47e-05 1.028 it/s
step 5350/30000 loss 7.9441 (dino 5.1678 ibot 2.5993 gram 0.0000 koleo 1.7700) lr 9.46e-05 1.028 it/s
step 5375/30000 loss 7.6068 (dino 4.9590 ibot 2.5873 gram 0.0000 koleo 0.6052) lr 9.45e-05 1.028 it/s
step 5400/30000 loss 8.5212 (dino 5.3962 ibot 2.7826 gram 0.0000 koleo 3.4236) lr 9.45e-05 1.028 it/s
step 5425/30000 loss 7.2821 (dino 4.4568 ibot 2.6332 gram 0.0000 koleo 1.9202) lr 9.44e-05 1.028 it/s
step 5450/30000 loss 7.5306 (dino 4.8597 ibot 2.4075 gram 0.0000 koleo 2.6337) lr 9.44e-05 1.028 it/s
step 5475/30000 loss 8.1145 (dino 5.1067 ibot 2.7450 gram 0.0000 koleo 2.6282) lr 9.43e-05 1.028 it/s
step 5500/30000 loss 7.8564 (dino 5.3044 ibot 2.3233 gram 0.0000 koleo 2.2862) lr 9.42e-05 1.028 it/s
step 5525/30000 loss 7.7740 (dino 5.0657 ibot 2.5548 gram 0.0000 koleo 1.5353) lr 9.42e-05 1.028 it/s
step 5550/30000 loss 8.0986 (dino 5.0143 ibot 2.7403 gram 0.0000 koleo 3.4405) lr 9.41e-05 1.028 it/s
step 5575/30000 loss 7.4350 (dino 4.9690 ibot 2.4032 gram 0.0000 koleo 0.6277) lr 9.40e-05 1.028 it/s
step 5600/30000 loss 7.5819 (dino 4.9227 ibot 2.5463 gram 0.0000 koleo 1.1290) lr 9.40e-05 1.028 it/s
step 5625/30000 loss 6.3019 (dino 3.7452 ibot 2.3439 gram 0.0000 koleo 2.1287) lr 9.39e-05 1.028 it/s
step 5650/30000 loss 6.8096 (dino 4.0212 ibot 2.6075 gram 0.0000 koleo 1.8097) lr 9.39e-05 1.028 it/s
step 5675/30000 loss 7.8392 (dino 5.3134 ibot 2.4220 gram 0.0000 koleo 1.0385) lr 9.38e-05 1.028 it/s
step 5700/30000 loss 8.0070 (dino 4.9411 ibot 2.8885 gram 0.0000 koleo 1.7746) lr 9.37e-05 1.028 it/s
step 5725/30000 loss 7.0982 (dino 4.3023 ibot 2.6428 gram 0.0000 koleo 1.5312) lr 9.37e-05 1.028 it/s
step 5750/30000 loss 7.7953 (dino 5.2650 ibot 2.5524 gram 0.0000 koleo -0.2217) lr 9.36e-05 1.028 it/s
step 5775/30000 loss 7.7096 (dino 5.0940 ibot 2.2720 gram 0.0000 koleo 3.4357) lr 9.35e-05 1.028 it/s
step 5800/30000 loss 7.0860 (dino 4.5993 ibot 2.5090 gram 0.0000 koleo -0.2220) lr 9.35e-05 1.028 it/s
step 5825/30000 loss 8.3065 (dino 5.1748 ibot 2.9528 gram 0.0000 koleo 1.7900) lr 9.34e-05 1.028 it/s
step 5850/30000 loss 7.7286 (dino 5.0250 ibot 2.4918 gram 0.0000 koleo 2.1169) lr 9.33e-05 1.028 it/s
step 5875/30000 loss 7.7674 (dino 5.1740 ibot 2.4991 gram 0.0000 koleo 0.9433) lr 9.33e-05 1.028 it/s
step 5900/30000 loss 7.5681 (dino 4.7189 ibot 2.7012 gram 0.0000 koleo 1.4803) lr 9.32e-05 1.028 it/s
step 5925/30000 loss 7.2356 (dino 4.5916 ibot 2.5827 gram 0.0000 koleo 0.6127) lr 9.31e-05 1.028 it/s
step 5950/30000 loss 8.0387 (dino 5.1069 ibot 2.7199 gram 0.0000 koleo 2.1194) lr 9.31e-05 1.028 it/s
step 5975/30000 loss 7.7495 (dino 4.5705 ibot 3.0267 gram 0.0000 koleo 1.5224) lr 9.30e-05 1.028 it/s
step 6000/30000 loss 7.7377 (dino 4.7599 ibot 2.8318 gram 0.0000 koleo 1.4597) lr 9.29e-05 1.028 it/s
step 6025/30000 loss 7.5336 (dino 4.8435 ibot 2.4289 gram 0.0000 koleo 2.6119) lr 9.28e-05 1.028 it/s
step 6050/30000 loss 7.6761 (dino 4.8420 ibot 2.7398 gram 0.0000 koleo 0.9431) lr 9.28e-05 1.028 it/s
step 6075/30000 loss 7.4432 (dino 4.4443 ibot 2.7702 gram 0.0000 koleo 2.2875) lr 9.27e-05 1.028 it/s
step 6100/30000 loss 6.9770 (dino 4.4956 ibot 2.5028 gram 0.0000 koleo -0.2141) lr 9.26e-05 1.028 it/s
step 6125/30000 loss 8.0167 (dino 5.0701 ibot 2.7506 gram 0.0000 koleo 1.9598) lr 9.26e-05 1.028 it/s
step 6150/30000 loss 7.9699 (dino 5.0605 ibot 2.7651 gram 0.0000 koleo 1.4435) lr 9.25e-05 1.028 it/s
step 6175/30000 loss 8.3652 (dino 5.3408 ibot 2.8815 gram 0.0000 koleo 1.4292) lr 9.24e-05 1.028 it/s
step 6200/30000 loss 8.2074 (dino 5.1983 ibot 2.7798 gram 0.0000 koleo 2.2922) lr 9.24e-05 1.028 it/s
step 6225/30000 loss 7.2134 (dino 4.4149 ibot 2.6492 gram 0.0000 koleo 1.4929) lr 9.23e-05 1.028 it/s
step 6250/30000 loss 7.7759 (dino 4.9399 ibot 2.8583 gram 0.0000 koleo -0.2221) lr 9.22e-05 1.028 it/s
step 6275/30000 loss 7.7779 (dino 5.0281 ibot 2.4901 gram 0.0000 koleo 2.5975) lr 9.21e-05 1.028 it/s
step 6300/30000 loss 7.0484 (dino 4.2538 ibot 2.5838 gram 0.0000 koleo 2.1082) lr 9.21e-05 1.028 it/s
step 6325/30000 loss 7.5804 (dino 4.6842 ibot 2.9179 gram 0.0000 koleo -0.2170) lr 9.20e-05 1.028 it/s
step 6350/30000 loss 6.8957 (dino 4.0788 ibot 2.5878 gram 0.0000 koleo 2.2908) lr 9.19e-05 1.028 it/s
step 6375/30000 loss 7.6176 (dino 4.7812 ibot 2.7731 gram 0.0000 koleo 0.6328) lr 9.18e-05 1.028 it/s
step 6400/30000 loss 7.3307 (dino 4.7845 ibot 2.5677 gram 0.0000 koleo -0.2159) lr 9.18e-05 1.028 it/s
step 6425/30000 loss 8.1992 (dino 5.2527 ibot 2.8020 gram 0.0000 koleo 1.4456) lr 9.17e-05 1.028 it/s
step 6450/30000 loss 8.0468 (dino 4.9338 ibot 2.7106 gram 0.0000 koleo 4.0235) lr 9.16e-05 1.028 it/s
step 6475/30000 loss 7.4108 (dino 4.6519 ibot 2.6665 gram 0.0000 koleo 0.9249) lr 9.15e-05 1.028 it/s
step 6500/30000 loss 6.8868 (dino 4.1044 ibot 2.8064 gram 0.0000 koleo -0.2404) lr 9.15e-05 1.028 it/s
step 6525/30000 loss 7.1798 (dino 4.4129 ibot 2.6540 gram 0.0000 koleo 1.1287) lr 9.14e-05 1.028 it/s
step 6550/30000 loss 7.6675 (dino 4.8716 ibot 2.2991 gram 0.0000 koleo 4.9680) lr 9.13e-05 1.028 it/s
step 6575/30000 loss 8.2227 (dino 5.3214 ibot 2.6074 gram 0.0000 koleo 2.9396) lr 9.12e-05 1.028 it/s
step 6600/30000 loss 7.7229 (dino 5.0049 ibot 2.6238 gram 0.0000 koleo 0.9419) lr 9.12e-05 1.028 it/s
step 6625/30000 loss 7.4566 (dino 4.9083 ibot 2.5698 gram 0.0000 koleo -0.2144) lr 9.11e-05 1.028 it/s
step 6650/30000 loss 7.4755 (dino 4.5478 ibot 2.8658 gram 0.0000 koleo 0.6188) lr 9.10e-05 1.028 it/s
step 6675/30000 loss 7.3632 (dino 4.7033 ibot 2.6822 gram 0.0000 koleo -0.2228) lr 9.09e-05 1.028 it/s
step 6700/30000 loss 7.3082 (dino 4.1393 ibot 2.7854 gram 0.0000 koleo 3.8344) lr 9.09e-05 1.028 it/s
step 6725/30000 loss 6.8452 (dino 4.0487 ibot 2.6508 gram 0.0000 koleo 1.4558) lr 9.08e-05 1.029 it/s
step 6750/30000 loss 7.2033 (dino 4.8108 ibot 2.3324 gram 0.0000 koleo 0.6022) lr 9.07e-05 1.029 it/s
step 6775/30000 loss 8.3947 (dino 5.3955 ibot 2.8227 gram 0.0000 koleo 1.7653) lr 9.06e-05 1.029 it/s
step 6800/30000 loss 7.6242 (dino 4.8949 ibot 2.7517 gram 0.0000 koleo -0.2241) lr 9.05e-05 1.029 it/s
step 6825/30000 loss 6.9475 (dino 4.2415 ibot 2.6038 gram 0.0000 koleo 1.0221) lr 9.05e-05 1.029 it/s
step 6850/30000 loss 8.1159 (dino 5.2040 ibot 2.4876 gram 0.0000 koleo 4.2437) lr 9.04e-05 1.029 it/s
step 6875/30000 loss 7.1713 (dino 4.7334 ibot 2.3748 gram 0.0000 koleo 0.6309) lr 9.03e-05 1.029 it/s
step 6900/30000 loss 7.8809 (dino 4.8541 ibot 2.8491 gram 0.0000 koleo 1.7777) lr 9.02e-05 1.029 it/s
step 6925/30000 loss 6.6563 (dino 3.8643 ibot 2.6136 gram 0.0000 koleo 1.7842) lr 9.02e-05 1.029 it/s
step 6950/30000 loss 6.8583 (dino 4.2587 ibot 2.4566 gram 0.0000 koleo 1.4297) lr 9.01e-05 1.029 it/s
step 6975/30000 loss 8.0651 (dino 5.1513 ibot 2.8003 gram 0.0000 koleo 1.1354) lr 9.00e-05 1.029 it/s
step 7000/30000 loss 7.0922 (dino 4.4895 ibot 2.5100 gram 0.0000 koleo 0.9263) lr 8.99e-05 1.029 it/s
step 7025/30000 loss 7.2517 (dino 4.5717 ibot 2.4987 gram 0.0000 koleo 1.8136) lr 8.98e-05 1.029 it/s
step 7050/30000 loss 6.8359 (dino 4.1356 ibot 2.7213 gram 0.0000 koleo -0.2105) lr 8.97e-05 1.029 it/s
step 7075/30000 loss 7.2934 (dino 4.9922 ibot 2.2386 gram 0.0000 koleo 0.6258) lr 8.97e-05 1.029 it/s
step 7100/30000 loss 7.7891 (dino 4.8915 ibot 2.9224 gram 0.0000 koleo -0.2485) lr 8.96e-05 1.029 it/s
step 7125/30000 loss 6.8124 (dino 3.9845 ibot 2.5917 gram 0.0000 koleo 2.3626) lr 8.95e-05 1.029 it/s
step 7150/30000 loss 7.3910 (dino 4.5165 ibot 2.6974 gram 0.0000 koleo 1.7701) lr 8.94e-05 1.029 it/s
step 7175/30000 loss 7.4521 (dino 4.9327 ibot 2.3742 gram 0.0000 koleo 1.4518) lr 8.93e-05 1.029 it/s
step 7200/30000 loss 6.8753 (dino 4.2082 ibot 2.6089 gram 0.0000 koleo 0.5825) lr 8.93e-05 1.029 it/s
step 7225/30000 loss 7.4325 (dino 5.0744 ibot 2.2571 gram 0.0000 koleo 1.0095) lr 8.92e-05 1.029 it/s
step 7250/30000 loss 7.0606 (dino 4.5046 ibot 2.3774 gram 0.0000 koleo 1.7857) lr 8.91e-05 1.029 it/s
step 7275/30000 loss 7.8475 (dino 4.7495 ibot 2.8355 gram 0.0000 koleo 2.6248) lr 8.90e-05 1.029 it/s
step 7300/30000 loss 7.7617 (dino 4.5839 ibot 2.9994 gram 0.0000 koleo 1.7848) lr 8.89e-05 1.029 it/s
step 7325/30000 loss 7.8157 (dino 4.8847 ibot 2.6519 gram 0.0000 koleo 2.7921) lr 8.88e-05 1.029 it/s
step 7350/30000 loss 7.2478 (dino 4.3816 ibot 2.8056 gram 0.0000 koleo 0.6055) lr 8.87e-05 1.029 it/s
step 7375/30000 loss 7.6585 (dino 4.8510 ibot 2.7469 gram 0.0000 koleo 0.6058) lr 8.87e-05 1.029 it/s
step 7400/30000 loss 7.9021 (dino 5.0681 ibot 2.7407 gram 0.0000 koleo 0.9324) lr 8.86e-05 1.029 it/s
step 7425/30000 loss 7.0832 (dino 4.5183 ibot 2.5362 gram 0.0000 koleo 0.2871) lr 8.85e-05 1.029 it/s
step 7450/30000 loss 7.3450 (dino 4.5708 ibot 2.6715 gram 0.0000 koleo 1.0264) lr 8.84e-05 1.029 it/s
step 7475/30000 loss 8.0652 (dino 4.9896 ibot 2.8990 gram 0.0000 koleo 1.7660) lr 8.83e-05 1.029 it/s
step 7500/30000 loss 7.3883 (dino 4.7755 ibot 2.3850 gram 0.0000 koleo 2.2784) lr 8.82e-05 1.029 it/s
step 7525/30000 loss 7.2640 (dino 4.4380 ibot 2.6154 gram 0.0000 koleo 2.1057) lr 8.81e-05 1.029 it/s
step 7550/30000 loss 7.4829 (dino 4.7829 ibot 2.6712 gram 0.0000 koleo 0.2872) lr 8.81e-05 1.029 it/s
step 7575/30000 loss 7.2775 (dino 4.7747 ibot 2.4376 gram 0.0000 koleo 0.6506) lr 8.80e-05 1.029 it/s
step 7600/30000 loss 7.3829 (dino 4.6522 ibot 2.6196 gram 0.0000 koleo 1.1108) lr 8.79e-05 1.029 it/s
step 7625/30000 loss 7.8629 (dino 5.2596 ibot 2.5424 gram 0.0000 koleo 0.6086) lr 8.78e-05 1.029 it/s
step 7650/30000 loss 7.6194 (dino 4.6084 ibot 2.9499 gram 0.0000 koleo 0.6102) lr 8.77e-05 1.029 it/s
step 7675/30000 loss 7.4515 (dino 4.8730 ibot 2.4310 gram 0.0000 koleo 1.4752) lr 8.76e-05 1.029 it/s
step 7700/30000 loss 7.2223 (dino 3.9004 ibot 3.0276 gram 0.0000 koleo 2.9425) lr 8.75e-05 1.029 it/s
step 7725/30000 loss 6.5720 (dino 4.0876 ibot 2.4229 gram 0.0000 koleo 0.6139) lr 8.74e-05 1.029 it/s
step 7750/30000 loss 7.5603 (dino 4.3938 ibot 2.9394 gram 0.0000 koleo 2.2707) lr 8.73e-05 1.029 it/s
step 7775/30000 loss 7.2989 (dino 4.9261 ibot 2.1953 gram 0.0000 koleo 1.7744) lr 8.73e-05 1.029 it/s
step 7800/30000 loss 7.3587 (dino 4.8646 ibot 2.4350 gram 0.0000 koleo 0.5905) lr 8.72e-05 1.029 it/s
step 7825/30000 loss 7.0347 (dino 4.2944 ibot 2.4792 gram 0.0000 koleo 2.6115) lr 8.71e-05 1.029 it/s
step 7850/30000 loss 6.7228 (dino 3.9261 ibot 2.7029 gram 0.0000 koleo 0.9373) lr 8.70e-05 1.029 it/s
step 7875/30000 loss 7.8915 (dino 4.6700 ibot 2.8954 gram 0.0000 koleo 3.2609) lr 8.69e-05 1.029 it/s
step 7900/30000 loss 6.7957 (dino 3.8741 ibot 2.7781 gram 0.0000 koleo 1.4346) lr 8.68e-05 1.029 it/s
step 7925/30000 loss 7.3399 (dino 4.3694 ibot 2.6780 gram 0.0000 koleo 2.9245) lr 8.67e-05 1.029 it/s
step 7950/30000 loss 7.5309 (dino 4.8377 ibot 2.5846 gram 0.0000 koleo 1.0857) lr 8.66e-05 1.029 it/s
step 7975/30000 loss 7.3786 (dino 4.8735 ibot 2.2958 gram 0.0000 koleo 2.0930) lr 8.65e-05 1.029 it/s
step 8000/30000 loss 7.6489 (dino 5.0138 ibot 2.5769 gram 0.0000 koleo 0.5818) lr 8.64e-05 1.029 it/s
step 8025/30000 loss 6.7122 (dino 4.3844 ibot 2.0647 gram 0.0000 koleo 2.6312) lr 8.63e-05 1.029 it/s
step 8050/30000 loss 7.4292 (dino 4.6139 ibot 2.7033 gram 0.0000 koleo 1.1198) lr 8.63e-05 1.029 it/s
step 8075/30000 loss 6.7571 (dino 4.1067 ibot 2.5565 gram 0.0000 koleo 0.9387) lr 8.62e-05 1.029 it/s
step 8100/30000 loss 7.1535 (dino 4.2879 ibot 2.6075 gram 0.0000 koleo 2.5811) lr 8.61e-05 1.029 it/s
step 8125/30000 loss 7.1965 (dino 4.8092 ibot 2.4108 gram 0.0000 koleo -0.2352) lr 8.60e-05 1.029 it/s
step 8150/30000 loss 7.4253 (dino 4.3153 ibot 2.8480 gram 0.0000 koleo 2.6202) lr 8.59e-05 1.029 it/s
step 8175/30000 loss 7.1218 (dino 4.6188 ibot 2.4420 gram 0.0000 koleo 0.6099) lr 8.58e-05 1.029 it/s
step 8200/30000 loss 8.3524 (dino 5.1534 ibot 3.0523 gram 0.0000 koleo 1.4673) lr 8.57e-05 1.029 it/s
step 8225/30000 loss 6.9721 (dino 4.3816 ibot 2.6134 gram 0.0000 koleo -0.2294) lr 8.56e-05 1.029 it/s
step 8250/30000 loss 7.2484 (dino 4.4630 ibot 2.6913 gram 0.0000 koleo 0.9414) lr 8.55e-05 1.029 it/s
step 8275/30000 loss 8.4779 (dino 5.0638 ibot 3.1026 gram 0.0000 koleo 3.1146) lr 8.54e-05 1.029 it/s
step 8300/30000 loss 7.3749 (dino 4.5408 ibot 2.7752 gram 0.0000 koleo 0.5887) lr 8.53e-05 1.029 it/s
step 8325/30000 loss 7.9004 (dino 4.8579 ibot 2.8987 gram 0.0000 koleo 1.4386) lr 8.52e-05 1.029 it/s
step 8350/30000 loss 8.8774 (dino 5.4508 ibot 3.2512 gram 0.0000 koleo 1.7545) lr 8.51e-05 1.029 it/s
step 8375/30000 loss 6.3178 (dino 3.6829 ibot 2.3740 gram 0.0000 koleo 2.6092) lr 8.50e-05 1.029 it/s
step 8400/30000 loss 7.6135 (dino 4.9517 ibot 2.5183 gram 0.0000 koleo 1.4343) lr 8.49e-05 1.029 it/s
step 8425/30000 loss 7.2284 (dino 4.7119 ibot 2.3409 gram 0.0000 koleo 1.7567) lr 8.48e-05 1.029 it/s
step 8450/30000 loss 7.4106 (dino 4.4811 ibot 2.8695 gram 0.0000 koleo 0.6000) lr 8.47e-05 1.029 it/s
step 8475/30000 loss 7.8911 (dino 5.2100 ibot 2.4719 gram 0.0000 koleo 2.0931) lr 8.46e-05 1.029 it/s
step 8500/30000 loss 6.6983 (dino 3.7951 ibot 2.6408 gram 0.0000 koleo 2.6239) lr 8.45e-05 1.029 it/s
step 8525/30000 loss 7.1501 (dino 4.3016 ibot 2.6633 gram 0.0000 koleo 1.8525) lr 8.44e-05 1.029 it/s
step 8550/30000 loss 7.6336 (dino 4.8152 ibot 2.7580 gram 0.0000 koleo 0.6033) lr 8.43e-05 1.029 it/s
step 8575/30000 loss 7.1540 (dino 4.4152 ibot 2.5307 gram 0.0000 koleo 2.0814) lr 8.43e-05 1.029 it/s
step 8600/30000 loss 6.4416 (dino 4.2402 ibot 2.1356 gram 0.0000 koleo 0.6574) lr 8.42e-05 1.029 it/s
step 8625/30000 loss 7.6529 (dino 5.0899 ibot 2.4700 gram 0.0000 koleo 0.9299) lr 8.41e-05 1.029 it/s
step 8650/30000 loss 7.7257 (dino 4.6350 ibot 2.9141 gram 0.0000 koleo 1.7658) lr 8.40e-05 1.029 it/s
step 8675/30000 loss 6.7154 (dino 3.8860 ibot 2.6859 gram 0.0000 koleo 1.4349) lr 8.39e-05 1.029 it/s
step 8700/30000 loss 6.6633 (dino 4.0086 ibot 2.5950 gram 0.0000 koleo 0.5969) lr 8.38e-05 1.029 it/s
step 8725/30000 loss 7.4458 (dino 4.8186 ibot 2.6004 gram 0.0000 koleo 0.2680) lr 8.37e-05 1.029 it/s
step 8750/30000 loss 7.2720 (dino 4.4932 ibot 2.7175 gram 0.0000 koleo 0.6128) lr 8.36e-05 1.029 it/s
step 8775/30000 loss 7.4771 (dino 4.8488 ibot 2.5692 gram 0.0000 koleo 0.5908) lr 8.35e-05 1.029 it/s
step 8800/30000 loss 7.0944 (dino 4.5876 ibot 2.2972 gram 0.0000 koleo 2.0965) lr 8.34e-05 1.029 it/s
step 8825/30000 loss 7.5987 (dino 4.7683 ibot 2.6562 gram 0.0000 koleo 1.7412) lr 8.33e-05 1.029 it/s
step 8850/30000 loss 6.9340 (dino 4.3160 ibot 2.3098 gram 0.0000 koleo 3.0825) lr 8.32e-05 1.029 it/s
step 8875/30000 loss 8.1019 (dino 4.9318 ibot 3.0257 gram 0.0000 koleo 1.4438) lr 8.31e-05 1.029 it/s
step 8900/30000 loss 7.2067 (dino 4.4965 ibot 2.5000 gram 0.0000 koleo 2.1020) lr 8.30e-05 1.029 it/s
step 8925/30000 loss 8.1655 (dino 4.7482 ibot 3.2389 gram 0.0000 koleo 1.7836) lr 8.29e-05 1.029 it/s
step 8950/30000 loss 8.1101 (dino 5.1003 ibot 2.6315 gram 0.0000 koleo 3.7829) lr 8.28e-05 1.029 it/s
step 8975/30000 loss 7.3296 (dino 4.9712 ibot 2.1816 gram 0.0000 koleo 1.7669) lr 8.27e-05 1.029 it/s
step 9000/30000 loss 7.5516 (dino 4.6391 ibot 2.8546 gram 0.0000 koleo 0.5787) lr 8.25e-05 1.029 it/s
step 9025/30000 loss 8.3907 (dino 5.1500 ibot 2.8973 gram 0.0000 koleo 3.4343) lr 8.24e-05 1.029 it/s
step 9050/30000 loss 6.4443 (dino 3.9167 ibot 2.4358 gram 0.0000 koleo 0.9174) lr 8.23e-05 1.029 it/s
step 9075/30000 loss 7.7528 (dino 5.1361 ibot 2.2970 gram 0.0000 koleo 3.1976) lr 8.22e-05 1.029 it/s
step 9100/30000 loss 7.2079 (dino 4.4893 ibot 2.5091 gram 0.0000 koleo 2.0950) lr 8.21e-05 1.029 it/s
step 9125/30000 loss 6.2237 (dino 3.9550 ibot 2.0756 gram 0.0000 koleo 1.9311) lr 8.20e-05 1.029 it/s
step 9150/30000 loss 7.6999 (dino 4.1461 ibot 3.0938 gram 0.0000 koleo 4.5993) lr 8.19e-05 1.029 it/s
step 9175/30000 loss 6.9747 (dino 4.0851 ibot 2.5057 gram 0.0000 koleo 3.8395) lr 8.18e-05 1.029 it/s
step 9200/30000 loss 7.0554 (dino 4.4358 ibot 2.4041 gram 0.0000 koleo 2.1560) lr 8.17e-05 1.029 it/s
step 9225/30000 loss 8.0158 (dino 5.0546 ibot 2.9018 gram 0.0000 koleo 0.5940) lr 8.16e-05 1.029 it/s
step 9250/30000 loss 7.5710 (dino 4.5785 ibot 2.8169 gram 0.0000 koleo 1.7561) lr 8.15e-05 1.029 it/s
step 9275/30000 loss 7.8787 (dino 5.2218 ibot 2.6288 gram 0.0000 koleo 0.2813) lr 8.14e-05 1.029 it/s
step 9300/30000 loss 6.3871 (dino 3.4912 ibot 2.4820 gram 0.0000 koleo 4.1399) lr 8.13e-05 1.029 it/s
step 9325/30000 loss 7.6771 (dino 4.7571 ibot 2.8272 gram 0.0000 koleo 0.9286) lr 8.12e-05 1.029 it/s
step 9350/30000 loss 6.8852 (dino 4.2581 ibot 2.4831 gram 0.0000 koleo 1.4398) lr 8.11e-05 1.029 it/s
step 9375/30000 loss 7.6912 (dino 5.0549 ibot 2.6597 gram 0.0000 koleo -0.2339) lr 8.10e-05 1.029 it/s
step 9400/30000 loss 7.9839 (dino 5.1778 ibot 2.7471 gram 0.0000 koleo 0.5908) lr 8.09e-05 1.029 it/s
step 9425/30000 loss 6.9749 (dino 4.3679 ibot 2.5132 gram 0.0000 koleo 0.9382) lr 8.08e-05 1.029 it/s
step 9450/30000 loss 6.8493 (dino 4.2838 ibot 2.4619 gram 0.0000 koleo 1.0363) lr 8.07e-05 1.029 it/s
step 9475/30000 loss 6.8130 (dino 3.9450 ibot 2.8072 gram 0.0000 koleo 0.6079) lr 8.06e-05 1.029 it/s
step 9500/30000 loss 7.2271 (dino 4.7904 ibot 2.4610 gram 0.0000 koleo -0.2427) lr 8.05e-05 1.029 it/s
step 9525/30000 loss 6.4983 (dino 4.0574 ibot 2.3793 gram 0.0000 koleo 0.6163) lr 8.04e-05 1.029 it/s
step 9550/30000 loss 7.3478 (dino 4.4986 ibot 2.7379 gram 0.0000 koleo 1.1131) lr 8.02e-05 1.029 it/s
step 9575/30000 loss 6.7070 (dino 3.6833 ibot 2.9267 gram 0.0000 koleo 0.9700) lr 8.01e-05 1.029 it/s
step 9600/30000 loss 6.9955 (dino 3.9844 ibot 2.6672 gram 0.0000 koleo 3.4395) lr 8.00e-05 1.029 it/s
step 9625/30000 loss 7.3044 (dino 4.6715 ibot 2.4511 gram 0.0000 koleo 1.8180) lr 7.99e-05 1.029 it/s
step 9650/30000 loss 7.3806 (dino 4.7499 ibot 2.5676 gram 0.0000 koleo 0.6305) lr 7.98e-05 1.029 it/s
step 9675/30000 loss 7.4601 (dino 4.7284 ibot 2.5551 gram 0.0000 koleo 1.7664) lr 7.97e-05 1.029 it/s
step 9700/30000 loss 7.6086 (dino 4.9646 ibot 2.4684 gram 0.0000 koleo 1.7563) lr 7.96e-05 1.029 it/s
step 9725/30000 loss 7.6552 (dino 4.7411 ibot 2.8214 gram 0.0000 koleo 0.9268) lr 7.95e-05 1.029 it/s
step 9750/30000 loss 8.0989 (dino 4.5521 ibot 3.4032 gram 0.0000 koleo 1.4361) lr 7.94e-05 1.029 it/s
step 9775/30000 loss 6.1184 (dino 3.9647 ibot 2.0611 gram 0.0000 koleo 0.9257) lr 7.93e-05 1.029 it/s
step 9800/30000 loss 7.1749 (dino 4.4019 ibot 2.7454 gram 0.0000 koleo 0.2762) lr 7.92e-05 1.029 it/s
step 9825/30000 loss 7.0235 (dino 4.4382 ibot 2.3263 gram 0.0000 koleo 2.5904) lr 7.91e-05 1.029 it/s
step 9850/30000 loss 7.6953 (dino 4.8451 ibot 2.7408 gram 0.0000 koleo 1.0936) lr 7.89e-05 1.029 it/s
step 9875/30000 loss 6.3288 (dino 3.8446 ibot 2.5078 gram 0.0000 koleo -0.2356) lr 7.88e-05 1.029 it/s
step 9900/30000 loss 6.7796 (dino 4.2092 ibot 2.3105 gram 0.0000 koleo 2.5992) lr 7.87e-05 1.029 it/s
step 9925/30000 loss 6.7731 (dino 4.0403 ibot 2.6205 gram 0.0000 koleo 1.1233) lr 7.86e-05 1.029 it/s
step 9950/30000 loss 7.2554 (dino 4.4791 ibot 2.7168 gram 0.0000 koleo 0.5948) lr 7.85e-05 1.029 it/s
step 9975/30000 loss 6.6796 (dino 4.1599 ibot 2.3775 gram 0.0000 koleo 1.4220) lr 7.84e-05 1.029 it/s
step 10000/30000 loss 7.6318 (dino 4.8082 ibot 2.7146 gram 0.0000 koleo 1.0902) lr 7.83e-05 1.029 it/s
step 10025/30000 loss 6.0108 (dino 3.7429 ibot 2.2023 gram 0.0038 koleo 0.6189) lr 7.82e-05 1.029 it/s
step 10050/30000 loss 6.8805 (dino 4.0632 ibot 2.6368 gram 0.0040 koleo 1.7647) lr 7.81e-05 1.028 it/s
step 10075/30000 loss 6.7257 (dino 4.0707 ibot 2.5569 gram 0.0027 koleo 0.9540) lr 7.79e-05 1.028 it/s
step 10100/30000 loss 6.7983 (dino 3.9666 ibot 2.7357 gram 0.0034 koleo 0.9258) lr 7.78e-05 1.028 it/s
step 10125/30000 loss 7.7396 (dino 4.6839 ibot 2.8758 gram 0.0044 koleo 1.7554) lr 7.77e-05 1.027 it/s
step 10150/30000 loss 6.9185 (dino 4.0092 ibot 2.9297 gram 0.0041 koleo -0.2450) lr 7.76e-05 1.027 it/s
step 10175/30000 loss 6.9331 (dino 4.2625 ibot 2.5567 gram 0.0037 koleo 1.1026) lr 7.75e-05 1.027 it/s
step 10200/30000 loss 6.2302 (dino 3.9350 ibot 2.3112 gram 0.0047 koleo -0.2071) lr 7.74e-05 1.026 it/s
step 10225/30000 loss 6.7317 (dino 3.4848 ibot 2.8928 gram 0.0022 koleo 3.5189) lr 7.73e-05 1.026 it/s
step 10250/30000 loss 6.4003 (dino 3.8573 ibot 2.4798 gram 0.0035 koleo 0.5976) lr 7.72e-05 1.026 it/s
step 10275/30000 loss 7.0183 (dino 4.3964 ibot 2.4257 gram 0.0029 koleo 1.9323) lr 7.71e-05 1.025 it/s
step 10300/30000 loss 7.3983 (dino 4.5651 ibot 2.5138 gram 0.0029 koleo 3.1647) lr 7.69e-05 1.025 it/s
step 10325/30000 loss 6.8751 (dino 4.1358 ibot 2.5271 gram 0.0022 koleo 2.0994) lr 7.68e-05 1.025 it/s
step 10350/30000 loss 7.2884 (dino 4.8109 ibot 2.0681 gram 0.0026 koleo 4.0680) lr 7.67e-05 1.025 it/s
step 10375/30000 loss 7.4046 (dino 4.5595 ibot 2.7348 gram 0.0034 koleo 1.0683) lr 7.66e-05 1.024 it/s
step 10400/30000 loss 7.9007 (dino 4.9321 ibot 2.7070 gram 0.0029 koleo 2.5872) lr 7.65e-05 1.024 it/s
step 10425/30000 loss 6.9753 (dino 4.2856 ibot 2.5448 gram 0.0032 koleo 1.4170) lr 7.64e-05 1.024 it/s
step 10450/30000 loss 6.7638 (dino 3.9666 ibot 2.4912 gram 0.0029 koleo 3.0299) lr 7.63e-05 1.023 it/s
step 10475/30000 loss 7.4991 (dino 5.0933 ibot 2.4269 gram 0.0029 koleo -0.2402) lr 7.61e-05 1.023 it/s
step 10500/30000 loss 6.8219 (dino 4.3858 ibot 2.4546 gram 0.0034 koleo -0.2186) lr 7.60e-05 1.023 it/s
step 10525/30000 loss 7.0011 (dino 4.0749 ibot 2.8633 gram 0.0036 koleo 0.5930) lr 7.59e-05 1.022 it/s
step 10550/30000 loss 7.2211 (dino 4.3801 ibot 2.7453 gram 0.0037 koleo 0.9203) lr 7.58e-05 1.022 it/s
step 10575/30000 loss 7.8682 (dino 5.4376 ibot 2.1337 gram 0.0021 koleo 2.9480) lr 7.57e-05 1.022 it/s
step 10600/30000 loss 6.4113 (dino 4.1992 ibot 2.0323 gram 0.0025 koleo 1.7721) lr 7.56e-05 1.022 it/s
step 10625/30000 loss 6.1858 (dino 3.9472 ibot 2.2105 gram 0.0023 koleo 0.2579) lr 7.54e-05 1.021 it/s
step 10650/30000 loss 7.5622 (dino 4.6944 ibot 2.7190 gram 0.0033 koleo 1.4545) lr 7.53e-05 1.021 it/s
step 10675/30000 loss 6.1367 (dino 3.9531 ibot 2.0704 gram 0.0025 koleo 1.1069) lr 7.52e-05 1.021 it/s
step 10700/30000 loss 6.5551 (dino 3.9062 ibot 2.5865 gram 0.0029 koleo 0.5952) lr 7.51e-05 1.020 it/s
step 10725/30000 loss 6.1484 (dino 3.5824 ibot 2.4529 gram 0.0030 koleo 1.1011) lr 7.50e-05 1.020 it/s
step 10750/30000 loss 7.8474 (dino 4.9165 ibot 2.8674 gram 0.0030 koleo 0.6041) lr 7.49e-05 1.020 it/s
step 10775/30000 loss 7.6902 (dino 5.1804 ibot 2.2135 gram 0.0030 koleo 2.9325) lr 7.47e-05 1.020 it/s
step 10800/30000 loss 6.0871 (dino 3.7682 ibot 2.2242 gram 0.0028 koleo 0.9194) lr 7.46e-05 1.019 it/s
step 10825/30000 loss 6.6293 (dino 4.0416 ibot 2.3250 gram 0.0030 koleo 2.5969) lr 7.45e-05 1.019 it/s
step 10850/30000 loss 6.7726 (dino 4.3569 ibot 2.3526 gram 0.0028 koleo 0.6032) lr 7.44e-05 1.019 it/s
step 10875/30000 loss 7.5746 (dino 4.8424 ibot 2.5528 gram 0.0034 koleo 1.7600) lr 7.43e-05 1.018 it/s
step 10900/30000 loss 6.8805 (dino 4.3405 ibot 2.4774 gram 0.0036 koleo 0.5891) lr 7.42e-05 1.018 it/s
step 10925/30000 loss 7.4119 (dino 4.5184 ibot 2.7408 gram 0.0028 koleo 1.4986) lr 7.40e-05 1.018 it/s
step 10950/30000 loss 7.4410 (dino 5.0400 ibot 2.3377 gram 0.0037 koleo 0.5965) lr 7.39e-05 1.018 it/s
step 10975/30000 loss 6.4986 (dino 4.2341 ibot 2.1692 gram 0.0037 koleo 0.9157) lr 7.38e-05 1.017 it/s
step 11000/30000 loss 7.2527 (dino 4.4467 ibot 2.6259 gram 0.0028 koleo 1.7723) lr 7.37e-05 1.017 it/s
step 11025/30000 loss 6.5588 (dino 4.2825 ibot 2.1295 gram 0.0032 koleo 1.4358) lr 7.36e-05 1.017 it/s
step 11050/30000 loss 7.4212 (dino 4.5228 ibot 2.5335 gram 0.0031 koleo 3.6182) lr 7.35e-05 1.017 it/s
step 11075/30000 loss 6.5696 (dino 4.3051 ibot 2.0858 gram 0.0033 koleo 1.7533) lr 7.33e-05 1.016 it/s
step 11100/30000 loss 6.8247 (dino 4.1126 ibot 2.5638 gram 0.0038 koleo 1.4451) lr 7.32e-05 1.016 it/s
step 11125/30000 loss 7.0459 (dino 4.4879 ibot 2.4125 gram 0.0030 koleo 1.4258) lr 7.31e-05 1.016 it/s
step 11150/30000 loss 7.2030 (dino 4.6029 ibot 2.4198 gram 0.0033 koleo 1.7706) lr 7.30e-05 1.016 it/s
step 11175/30000 loss 7.2516 (dino 5.0602 ibot 2.0544 gram 0.0030 koleo 1.3407) lr 7.29e-05 1.015 it/s
step 11200/30000 loss 6.9579 (dino 4.5582 ibot 2.4202 gram 0.0033 koleo -0.2377) lr 7.27e-05 1.015 it/s
step 11225/30000 loss 6.7887 (dino 4.4918 ibot 2.0998 gram 0.0025 koleo 1.9460) lr 7.26e-05 1.015 it/s
step 11250/30000 loss 7.4761 (dino 4.8119 ibot 2.4003 gram 0.0036 koleo 2.6028) lr 7.25e-05 1.015 it/s
step 11275/30000 loss 6.3509 (dino 3.8094 ibot 2.4795 gram 0.0036 koleo 0.5839) lr 7.24e-05 1.014 it/s
step 11300/30000 loss 6.4832 (dino 3.9018 ibot 2.2345 gram 0.0037 koleo 3.4329) lr 7.23e-05 1.014 it/s
step 11325/30000 loss 6.2355 (dino 3.6268 ibot 2.5264 gram 0.0051 koleo 0.7724) lr 7.21e-05 1.014 it/s
step 11350/30000 loss 7.0858 (dino 4.3719 ibot 2.5685 gram 0.0028 koleo 1.4261) lr 7.20e-05 1.014 it/s
step 11375/30000 loss 7.0282 (dino 4.5720 ibot 2.2275 gram 0.0036 koleo 2.2515) lr 7.19e-05 1.013 it/s
step 11400/30000 loss 7.2275 (dino 4.4774 ibot 2.6553 gram 0.0030 koleo 0.9186) lr 7.18e-05 1.013 it/s
step 11425/30000 loss 7.7888 (dino 5.2950 ibot 2.3475 gram 0.0034 koleo 1.4282) lr 7.17e-05 1.013 it/s
step 11450/30000 loss 6.5441 (dino 4.3525 ibot 2.2133 gram 0.0034 koleo -0.2506) lr 7.15e-05 1.013 it/s
step 11475/30000 loss 6.1056 (dino 3.5962 ibot 2.2477 gram 0.0031 koleo 2.5860) lr 7.14e-05 1.012 it/s
step 11500/30000 loss 6.2234 (dino 3.7873 ibot 2.1757 gram 0.0031 koleo 2.5719) lr 7.13e-05 1.012 it/s
step 11525/30000 loss 6.2789 (dino 4.0407 ibot 2.1773 gram 0.0036 koleo 0.5728) lr 7.12e-05 1.012 it/s
step 11550/30000 loss 6.0320 (dino 3.5489 ibot 2.3046 gram 0.0036 koleo 1.7492) lr 7.10e-05 1.012 it/s
step 11575/30000 loss 6.5928 (dino 4.1408 ibot 2.1696 gram 0.0043 koleo 2.7810) lr 7.09e-05 1.011 it/s
step 11600/30000 loss 7.8087 (dino 4.6860 ibot 2.9121 gram 0.0032 koleo 2.0745) lr 7.08e-05 1.011 it/s
step 11625/30000 loss 6.2454 (dino 4.2306 ibot 1.8673 gram 0.0034 koleo 1.4407) lr 7.07e-05 1.011 it/s
step 11650/30000 loss 6.8148 (dino 3.9137 ibot 2.6376 gram 0.0043 koleo 2.5917) lr 7.06e-05 1.011 it/s
step 11675/30000 loss 7.7486 (dino 4.6374 ibot 2.8498 gram 0.0035 koleo 2.5790) lr 7.04e-05 1.010 it/s
step 11700/30000 loss 6.8721 (dino 3.9157 ibot 2.7780 gram 0.0042 koleo 1.7417) lr 7.03e-05 1.010 it/s
step 11725/30000 loss 6.5574 (dino 3.9797 ibot 2.2487 gram 0.0031 koleo 3.2591) lr 7.02e-05 1.010 it/s
step 11750/30000 loss 6.0153 (dino 3.6786 ibot 2.3567 gram 0.0028 koleo -0.2280) lr 7.01e-05 1.010 it/s
step 11775/30000 loss 7.8805 (dino 4.8533 ibot 2.8473 gram 0.0040 koleo 1.7582) lr 6.99e-05 1.009 it/s
step 11800/30000 loss 5.7200 (dino 3.7856 ibot 1.7538 gram 0.0036 koleo 1.7694) lr 6.98e-05 1.009 it/s
step 11825/30000 loss 6.9925 (dino 4.5207 ibot 2.4925 gram 0.0037 koleo -0.2439) lr 6.97e-05 1.009 it/s
step 11850/30000 loss 7.3894 (dino 4.4827 ibot 2.7277 gram 0.0033 koleo 1.7570) lr 6.96e-05 1.009 it/s
step 11875/30000 loss 7.0891 (dino 4.5759 ibot 2.4178 gram 0.0029 koleo 0.9241) lr 6.94e-05 1.008 it/s
step 11900/30000 loss 6.6396 (dino 4.0450 ibot 2.5648 gram 0.0038 koleo 0.2601) lr 6.93e-05 1.008 it/s
step 11925/30000 loss 7.1054 (dino 4.5557 ibot 2.4516 gram 0.0040 koleo 0.9415) lr 6.92e-05 1.008 it/s
step 11950/30000 loss 6.2147 (dino 3.7886 ibot 2.1284 gram 0.0041 koleo 2.9353) lr 6.91e-05 1.008 it/s
step 11975/30000 loss 5.9048 (dino 4.0446 ibot 1.8814 gram 0.0028 koleo -0.2392) lr 6.90e-05 1.008 it/s
step 12000/30000 loss 7.1103 (dino 4.8852 ibot 2.1931 gram 0.0039 koleo 0.2813) lr 6.88e-05 1.007 it/s
step 12025/30000 loss 7.2614 (dino 4.5706 ibot 2.5441 gram 0.0038 koleo 1.4282) lr 6.87e-05 1.007 it/s
step 12050/30000 loss 6.6736 (dino 3.9395 ibot 2.4646 gram 0.0034 koleo 2.6612) lr 6.86e-05 1.007 it/s
step 12075/30000 loss 6.8459 (dino 4.2737 ibot 2.2769 gram 0.0032 koleo 2.9219) lr 6.85e-05 1.007 it/s
step 12100/30000 loss 6.3397 (dino 3.3286 ibot 3.0314 gram 0.0037 koleo -0.2406) lr 6.83e-05 1.006 it/s
step 12125/30000 loss 6.4854 (dino 3.6288 ibot 2.7942 gram 0.0031 koleo 0.5924) lr 6.82e-05 1.006 it/s
step 12150/30000 loss 6.1896 (dino 3.5740 ibot 2.5607 gram 0.0053 koleo 0.4962) lr 6.81e-05 1.006 it/s
step 12175/30000 loss 6.9615 (dino 4.3188 ibot 2.3786 gram 0.0036 koleo 2.6053) lr 6.80e-05 1.006 it/s
step 12200/30000 loss 6.4396 (dino 4.3382 ibot 1.9049 gram 0.0029 koleo 1.9365) lr 6.78e-05 1.006 it/s
step 12225/30000 loss 5.9894 (dino 3.4569 ibot 2.3315 gram 0.0039 koleo 1.9716) lr 6.77e-05 1.005 it/s
step 12250/30000 loss 7.4227 (dino 4.4795 ibot 2.8783 gram 0.0044 koleo 0.6045) lr 6.76e-05 1.005 it/s
step 12275/30000 loss 7.0757 (dino 4.5293 ibot 2.5678 gram 0.0037 koleo -0.2505) lr 6.74e-05 1.005 it/s
step 12300/30000 loss 6.4550 (dino 4.0339 ibot 2.4405 gram 0.0045 koleo -0.2389) lr 6.73e-05 1.005 it/s
step 12325/30000 loss 8.3036 (dino 5.1875 ibot 2.7032 gram 0.0046 koleo 4.0833) lr 6.72e-05 1.004 it/s
step 12350/30000 loss 6.4480 (dino 3.7904 ibot 2.5964 gram 0.0031 koleo 0.5815) lr 6.71e-05 1.004 it/s
step 12375/30000 loss 6.2720 (dino 3.6954 ibot 2.1948 gram 0.0043 koleo 3.7757) lr 6.69e-05 1.004 it/s
step 12400/30000 loss 8.1483 (dino 4.7200 ibot 3.0585 gram 0.0034 koleo 3.6642) lr 6.68e-05 1.004 it/s
step 12425/30000 loss 7.5992 (dino 4.7971 ibot 2.5724 gram 0.0036 koleo 2.2612) lr 6.67e-05 1.004 it/s
step 12450/30000 loss 6.4958 (dino 3.6255 ibot 2.6586 gram 0.0035 koleo 2.0821) lr 6.66e-05 1.003 it/s
step 12475/30000 loss 7.6473 (dino 4.4139 ibot 3.1702 gram 0.0040 koleo 0.5915) lr 6.64e-05 1.003 it/s
step 12500/30000 loss 5.8357 (dino 3.2539 ibot 2.5180 gram 0.0032 koleo 0.6066) lr 6.63e-05 1.003 it/s
step 12525/30000 loss 7.1147 (dino 3.9238 ibot 2.8384 gram 0.0066 koleo 3.4592) lr 6.62e-05 1.003 it/s
step 12550/30000 loss 7.2054 (dino 4.6063 ibot 2.4851 gram 0.0049 koleo 1.0916) lr 6.61e-05 1.003 it/s
step 12575/30000 loss 5.9519 (dino 3.4239 ibot 2.3812 gram 0.0036 koleo 1.4313) lr 6.59e-05 1.002 it/s
step 12600/30000 loss 7.0424 (dino 4.3751 ibot 2.3537 gram 0.0033 koleo 3.1030) lr 6.58e-05 1.002 it/s
step 12625/30000 loss 5.9623 (dino 3.9841 ibot 1.7991 gram 0.0032 koleo 1.7582) lr 6.57e-05 1.002 it/s
step 12650/30000 loss 5.6975 (dino 3.0882 ibot 2.3914 gram 0.0039 koleo 2.1401) lr 6.55e-05 1.002 it/s
step 12675/30000 loss 7.1864 (dino 4.6185 ibot 2.5891 gram 0.0040 koleo -0.2516) lr 6.54e-05 1.002 it/s
step 12700/30000 loss 6.5981 (dino 4.1921 ibot 2.2596 gram 0.0041 koleo 1.4219) lr 6.53e-05 1.001 it/s
step 12725/30000 loss 6.3777 (dino 3.5841 ibot 2.5774 gram 0.0050 koleo 2.1128) lr 6.52e-05 1.001 it/s
step 12750/30000 loss 6.5615 (dino 3.9567 ibot 2.2843 gram 0.0053 koleo 3.1524) lr 6.50e-05 1.001 it/s
step 12775/30000 loss 6.1950 (dino 3.6617 ibot 2.5019 gram 0.0041 koleo 0.2732) lr 6.49e-05 1.001 it/s
step 12800/30000 loss 7.9951 (dino 5.0446 ibot 2.7703 gram 0.0037 koleo 1.7645) lr 6.48e-05 1.001 it/s
step 12825/30000 loss 6.9222 (dino 4.5093 ibot 2.1830 gram 0.0040 koleo 2.2588) lr 6.46e-05 1.000 it/s
step 12850/30000 loss 6.9463 (dino 4.0789 ibot 2.8880 gram 0.0043 koleo -0.2492) lr 6.45e-05 1.000 it/s
step 12875/30000 loss 7.0058 (dino 4.2667 ibot 2.6777 gram 0.0039 koleo 0.5755) lr 6.44e-05 1.000 it/s
step 12900/30000 loss 5.7985 (dino 3.5082 ibot 2.1923 gram 0.0040 koleo 0.9406) lr 6.43e-05 1.000 it/s
step 12925/30000 loss 6.9350 (dino 3.7790 ibot 2.8916 gram 0.0034 koleo 2.6101) lr 6.41e-05 1.000 it/s
step 12950/30000 loss 7.7593 (dino 4.6276 ibot 3.1520 gram 0.0041 koleo -0.2432) lr 6.40e-05 0.999 it/s
step 12975/30000 loss 6.2007 (dino 3.7732 ibot 2.3632 gram 0.0044 koleo 0.6001) lr 6.39e-05 0.999 it/s
step 13000/30000 loss 7.9278 (dino 5.2217 ibot 2.3757 gram 0.0048 koleo 3.2561) lr 6.37e-05 0.999 it/s
step 13025/30000 loss 6.5052 (dino 4.0873 ibot 2.3531 gram 0.0045 koleo 0.6037) lr 6.36e-05 0.999 it/s
step 13050/30000 loss 6.2844 (dino 3.4434 ibot 2.7444 gram 0.0044 koleo 0.9221) lr 6.35e-05 0.999 it/s
step 13075/30000 loss 7.7042 (dino 4.3362 ibot 3.1796 gram 0.0043 koleo 1.8411) lr 6.34e-05 0.998 it/s
step 13100/30000 loss 6.4303 (dino 3.8510 ibot 2.5996 gram 0.0043 koleo -0.2457) lr 6.32e-05 0.998 it/s
step 13125/30000 loss 7.1330 (dino 4.2565 ibot 2.6231 gram 0.0036 koleo 2.4983) lr 6.31e-05 0.998 it/s
step 13150/30000 loss 6.8017 (dino 4.5675 ibot 2.2555 gram 0.0035 koleo -0.2479) lr 6.30e-05 0.998 it/s
step 13175/30000 loss 6.9538 (dino 4.6002 ibot 2.2920 gram 0.0041 koleo 0.5755) lr 6.28e-05 0.998 it/s
step 13200/30000 loss 6.6205 (dino 4.0910 ibot 2.1754 gram 0.0033 koleo 3.5078) lr 6.27e-05 0.998 it/s
step 13225/30000 loss 6.7669 (dino 4.3914 ibot 2.1970 gram 0.0037 koleo 1.7482) lr 6.26e-05 0.997 it/s
step 13250/30000 loss 6.3456 (dino 3.9988 ibot 2.3633 gram 0.0040 koleo -0.2039) lr 6.25e-05 0.997 it/s
step 13275/30000 loss 6.1430 (dino 3.7746 ibot 2.3371 gram 0.0036 koleo 0.2772) lr 6.23e-05 0.997 it/s
step 13300/30000 loss 5.9178 (dino 3.2981 ibot 2.5355 gram 0.0043 koleo 0.7986) lr 6.22e-05 0.997 it/s
step 13325/30000 loss 7.7235 (dino 4.5732 ibot 2.8551 gram 0.0034 koleo 2.9191) lr 6.21e-05 0.997 it/s
step 13350/30000 loss 6.4344 (dino 4.2397 ibot 2.2147 gram 0.0039 koleo -0.2388) lr 6.19e-05 0.996 it/s
step 13375/30000 loss 6.1275 (dino 3.7216 ibot 2.3410 gram 0.0043 koleo 0.6065) lr 6.18e-05 0.996 it/s
step 13400/30000 loss 7.4330 (dino 4.1321 ibot 3.0033 gram 0.0044 koleo 2.9318) lr 6.17e-05 0.996 it/s
step 13425/30000 loss 6.5325 (dino 3.9246 ibot 2.5453 gram 0.0040 koleo 0.5861) lr 6.15e-05 0.996 it/s
step 13450/30000 loss 6.3502 (dino 3.5169 ibot 2.6791 gram 0.0041 koleo 1.5014) lr 6.14e-05 0.996 it/s
step 13475/30000 loss 6.7032 (dino 4.2326 ibot 2.3594 gram 0.0036 koleo 1.0773) lr 6.13e-05 0.996 it/s
step 13500/30000 loss 6.5224 (dino 3.7828 ibot 2.4748 gram 0.0039 koleo 2.6082) lr 6.11e-05 0.995 it/s
step 13525/30000 loss 7.1789 (dino 4.3782 ibot 2.7349 gram 0.0048 koleo 0.6091) lr 6.10e-05 0.995 it/s
step 13550/30000 loss 6.1733 (dino 3.5766 ibot 2.4173 gram 0.0054 koleo 1.7405) lr 6.09e-05 0.995 it/s
step 13575/30000 loss 7.3820 (dino 4.6805 ibot 2.3145 gram 0.0032 koleo 3.8373) lr 6.08e-05 0.995 it/s
step 13600/30000 loss 5.5623 (dino 3.3988 ibot 1.9501 gram 0.0039 koleo 2.0951) lr 6.06e-05 0.995 it/s
step 13625/30000 loss 7.1674 (dino 4.4095 ibot 2.5459 gram 0.0038 koleo 2.0812) lr 6.05e-05 0.995 it/s
step 13650/30000 loss 5.0857 (dino 2.6628 ibot 2.2741 gram 0.0039 koleo 1.4496) lr 6.04e-05 0.994 it/s
step 13675/30000 loss 6.6570 (dino 4.2135 ibot 2.3483 gram 0.0037 koleo 0.9144) lr 6.02e-05 0.994 it/s
step 13700/30000 loss 6.9056 (dino 3.7999 ibot 2.8412 gram 0.0041 koleo 2.6035) lr 6.01e-05 0.994 it/s
step 13725/30000 loss 7.2569 (dino 3.8757 ibot 3.2849 gram 0.0046 koleo 0.9174) lr 6.00e-05 0.994 it/s
step 13750/30000 loss 7.1650 (dino 4.6148 ibot 2.3384 gram 0.0036 koleo 2.0819) lr 5.98e-05 0.994 it/s
step 13775/30000 loss 6.2840 (dino 3.7883 ibot 2.2355 gram 0.0038 koleo 2.5641) lr 5.97e-05 0.994 it/s
step 13800/30000 loss 6.2067 (dino 3.9349 ibot 2.0073 gram 0.0043 koleo 2.6022) lr 5.96e-05 0.993 it/s
step 13825/30000 loss 5.9444 (dino 3.3321 ibot 2.4665 gram 0.0039 koleo 1.4196) lr 5.94e-05 0.993 it/s
step 13850/30000 loss 6.7843 (dino 3.7502 ibot 2.8523 gram 0.0054 koleo 1.7644) lr 5.93e-05 0.993 it/s
step 13875/30000 loss 6.4998 (dino 3.6593 ibot 2.7772 gram 0.0044 koleo 0.5898) lr 5.92e-05 0.993 it/s
step 13900/30000 loss 6.9194 (dino 4.2750 ibot 2.5473 gram 0.0050 koleo 0.9204) lr 5.90e-05 0.993 it/s
step 13925/30000 loss 7.5299 (dino 4.5841 ibot 2.5915 gram 0.0046 koleo 3.4970) lr 5.89e-05 0.993 it/s
step 13950/30000 loss 6.7283 (dino 4.0680 ibot 2.2492 gram 0.0038 koleo 4.0730) lr 5.88e-05 0.992 it/s
step 13975/30000 loss 6.9781 (dino 4.5291 ibot 2.2999 gram 0.0044 koleo 1.4467) lr 5.86e-05 0.992 it/s
step 14000/30000 loss 6.6501 (dino 4.3303 ibot 2.2234 gram 0.0051 koleo 0.9138) lr 5.85e-05 0.992 it/s
step 14025/30000 loss 6.8951 (dino 3.7237 ibot 2.7574 gram 0.0048 koleo 4.0916) lr 5.84e-05 0.992 it/s
step 14050/30000 loss 6.1701 (dino 3.3427 ibot 2.4976 gram 0.0045 koleo 3.2524) lr 5.82e-05 0.992 it/s
step 14075/30000 loss 7.2338 (dino 4.3461 ibot 2.5424 gram 0.0043 koleo 3.4090) lr 5.81e-05 0.992 it/s
step 14100/30000 loss 6.6400 (dino 3.8943 ibot 2.6503 gram 0.0043 koleo 0.9116) lr 5.80e-05 0.991 it/s
step 14125/30000 loss 6.7079 (dino 4.1758 ibot 2.3196 gram 0.0036 koleo 2.0882) lr 5.79e-05 0.991 it/s
step 14150/30000 loss 6.7292 (dino 4.1754 ibot 2.4902 gram 0.0050 koleo 0.5848) lr 5.77e-05 0.991 it/s
step 14175/30000 loss 6.6412 (dino 4.3047 ibot 2.3568 gram 0.0040 koleo -0.2440) lr 5.76e-05 0.991 it/s
step 14200/30000 loss 7.0633 (dino 4.3987 ibot 2.4374 gram 0.0041 koleo 2.2304) lr 5.75e-05 0.991 it/s
step 14225/30000 loss 6.3075 (dino 3.5999 ibot 2.3918 gram 0.0045 koleo 3.1128) lr 5.73e-05 0.991 it/s
step 14250/30000 loss 6.7645 (dino 3.7929 ibot 2.7597 gram 0.0039 koleo 2.0801) lr 5.72e-05 0.991 it/s
step 14275/30000 loss 7.3185 (dino 4.4212 ibot 2.8338 gram 0.0045 koleo 0.5890) lr 5.71e-05 0.990 it/s
step 14300/30000 loss 6.8254 (dino 4.2773 ibot 2.5689 gram 0.0045 koleo -0.2528) lr 5.69e-05 0.990 it/s
step 14325/30000 loss 7.2656 (dino 4.3747 ibot 2.6933 gram 0.0044 koleo 1.9315) lr 5.68e-05 0.990 it/s
step 14350/30000 loss 5.6243 (dino 3.6012 ibot 1.9588 gram 0.0038 koleo 0.6053) lr 5.67e-05 0.990 it/s
step 14375/30000 loss 7.2007 (dino 4.2034 ibot 2.7990 gram 0.0046 koleo 1.9371) lr 5.65e-05 0.990 it/s
step 14400/30000 loss 6.8209 (dino 4.0068 ibot 2.7183 gram 0.0046 koleo 0.9111) lr 5.64e-05 0.990 it/s
step 14425/30000 loss 7.3625 (dino 3.9864 ibot 3.1108 gram 0.0042 koleo 2.6120) lr 5.63e-05 0.989 it/s
step 14450/30000 loss 6.3561 (dino 3.7067 ibot 2.5866 gram 0.0049 koleo 0.5796) lr 5.61e-05 0.989 it/s
step 14475/30000 loss 7.7178 (dino 4.6067 ibot 3.0126 gram 0.0051 koleo 0.9329) lr 5.60e-05 0.989 it/s
step 14500/30000 loss 6.8399 (dino 3.8395 ibot 2.6806 gram 0.0047 koleo 3.1515) lr 5.59e-05 0.989 it/s
step 14525/30000 loss 6.5829 (dino 3.7867 ibot 2.8176 gram 0.0041 koleo -0.2545) lr 5.57e-05 0.989 it/s
step 14550/30000 loss 6.4455 (dino 3.5480 ibot 2.5839 gram 0.0044 koleo 3.0914) lr 5.56e-05 0.989 it/s
step 14575/30000 loss 6.6515 (dino 4.2353 ibot 2.3034 gram 0.0039 koleo 1.0892) lr 5.55e-05 0.989 it/s
step 14600/30000 loss 5.9570 (dino 3.5062 ibot 2.1046 gram 0.0037 koleo 3.4249) lr 5.53e-05 0.989 it/s
step 14625/30000 loss 7.0209 (dino 4.0240 ibot 2.9335 gram 0.0040 koleo 0.5930) lr 5.52e-05 0.988 it/s
step 14650/30000 loss 6.1339 (dino 3.3768 ibot 2.5775 gram 0.0050 koleo 1.7465) lr 5.51e-05 0.988 it/s
step 14675/30000 loss 6.8321 (dino 4.0683 ibot 2.4671 gram 0.0046 koleo 2.9212) lr 5.49e-05 0.988 it/s
step 14700/30000 loss 6.0864 (dino 3.5459 ibot 2.3270 gram 0.0043 koleo 2.0919) lr 5.48e-05 0.988 it/s
step 14725/30000 loss 8.0472 (dino 4.7561 ibot 3.1964 gram 0.0045 koleo 0.9021) lr 5.47e-05 0.988 it/s
step 14750/30000 loss 6.9611 (dino 3.5181 ibot 3.1144 gram 0.0044 koleo 3.2419) lr 5.45e-05 0.988 it/s
step 14775/30000 loss 7.3149 (dino 4.4760 ibot 2.6115 gram 0.0041 koleo 2.2327) lr 5.44e-05 0.988 it/s
step 14800/30000 loss 6.6181 (dino 4.2789 ibot 2.1923 gram 0.0046 koleo 1.4230) lr 5.43e-05 0.987 it/s
step 14825/30000 loss 7.0009 (dino 4.0080 ibot 2.7186 gram 0.0045 koleo 2.6982) lr 5.41e-05 0.987 it/s
step 14850/30000 loss 6.5774 (dino 3.5512 ibot 2.9287 gram 0.0048 koleo 0.9272) lr 5.40e-05 0.987 it/s
step 14875/30000 loss 7.2125 (dino 4.0172 ibot 2.9311 gram 0.0046 koleo 2.5964) lr 5.39e-05 0.987 it/s
step 14900/30000 loss 7.6895 (dino 4.6243 ibot 2.9523 gram 0.0042 koleo 1.0860) lr 5.37e-05 0.987 it/s
step 14925/30000 loss 7.7218 (dino 4.4262 ibot 3.1994 gram 0.0040 koleo 0.9212) lr 5.36e-05 0.987 it/s
step 14950/30000 loss 7.6679 (dino 4.4112 ibot 3.1603 gram 0.0048 koleo 0.9156) lr 5.35e-05 0.987 it/s
step 14975/30000 loss 6.9457 (dino 4.6118 ibot 2.0720 gram 0.0034 koleo 2.5848) lr 5.33e-05 0.986 it/s
step 15000/30000 loss 6.6066 (dino 3.4657 ibot 2.8449 gram 0.0047 koleo 2.9121) lr 5.32e-05 0.986 it/s
step 15025/30000 loss 5.8549 (dino 3.5930 ibot 2.1970 gram 0.0045 koleo 0.6040) lr 5.31e-05 0.986 it/s
step 15050/30000 loss 7.1514 (dino 4.0489 ibot 2.8891 gram 0.0051 koleo 2.0823) lr 5.29e-05 0.986 it/s
step 15075/30000 loss 5.4939 (dino 3.2802 ibot 2.0635 gram 0.0040 koleo 1.4621) lr 5.28e-05 0.986 it/s
step 15100/30000 loss 6.9057 (dino 3.6771 ibot 3.0477 gram 0.0038 koleo 1.7709) lr 5.26e-05 0.986 it/s
step 15125/30000 loss 6.5768 (dino 3.7351 ibot 2.7772 gram 0.0051 koleo 0.5946) lr 5.25e-05 0.985 it/s
step 15150/30000 loss 6.4468 (dino 4.2384 ibot 2.1141 gram 0.0039 koleo 0.9038) lr 5.24e-05 0.985 it/s
step 15175/30000 loss 6.6167 (dino 3.6143 ibot 2.9354 gram 0.0043 koleo 0.6262) lr 5.22e-05 0.985 it/s
step 15200/30000 loss 8.1715 (dino 4.8920 ibot 3.0988 gram 0.0041 koleo 1.7658) lr 5.21e-05 0.985 it/s
step 15225/30000 loss 6.8285 (dino 3.8178 ibot 2.5976 gram 0.0040 koleo 4.0902) lr 5.20e-05 0.985 it/s
step 15250/30000 loss 6.9314 (dino 3.8145 ibot 2.7878 gram 0.0047 koleo 3.2441) lr 5.18e-05 0.985 it/s
step 15275/30000 loss 6.5850 (dino 3.8627 ibot 2.7419 gram 0.0043 koleo -0.2395) lr 5.17e-05 0.985 it/s
step 15300/30000 loss 5.8798 (dino 3.0913 ibot 2.5177 gram 0.0042 koleo 2.6663) lr 5.16e-05 0.985 it/s
step 15325/30000 loss 7.0585 (dino 3.9742 ibot 3.0529 gram 0.0052 koleo 0.2619) lr 5.14e-05 0.984 it/s
step 15350/30000 loss 6.7216 (dino 3.9182 ibot 2.5306 gram 0.0042 koleo 2.6861) lr 5.13e-05 0.984 it/s
step 15375/30000 loss 6.0484 (dino 3.3148 ibot 2.6373 gram 0.0050 koleo 0.9122) lr 5.12e-05 0.984 it/s
step 15400/30000 loss 7.5638 (dino 4.6640 ibot 2.7534 gram 0.0038 koleo 1.4253) lr 5.10e-05 0.984 it/s
step 15425/30000 loss 6.7746 (dino 3.9514 ibot 2.4931 gram 0.0042 koleo 3.2589) lr 5.09e-05 0.984 it/s
step 15450/30000 loss 6.3351 (dino 3.3404 ibot 2.8799 gram 0.0054 koleo 1.0933) lr 5.08e-05 0.984 it/s
step 15475/30000 loss 7.1023 (dino 4.1186 ibot 2.8693 gram 0.0040 koleo 1.1038) lr 5.06e-05 0.984 it/s
step 15500/30000 loss 7.1664 (dino 4.1112 ibot 2.7935 gram 0.0041 koleo 2.5767) lr 5.05e-05 0.983 it/s
step 15525/30000 loss 7.1009 (dino 4.3746 ibot 2.5461 gram 0.0042 koleo 1.7607) lr 5.04e-05 0.983 it/s
step 15550/30000 loss 6.8817 (dino 4.3768 ibot 2.2422 gram 0.0037 koleo 2.5893) lr 5.02e-05 0.983 it/s
step 15575/30000 loss 6.9874 (dino 4.2624 ibot 2.6965 gram 0.0041 koleo 0.2443) lr 5.01e-05 0.983 it/s
step 15600/30000 loss 6.5884 (dino 3.9300 ibot 2.5034 gram 0.0044 koleo 1.5071) lr 5.00e-05 0.983 it/s
step 15625/30000 loss 6.7155 (dino 3.9878 ibot 2.5732 gram 0.0038 koleo 1.5075) lr 4.98e-05 0.983 it/s
step 15650/30000 loss 7.1940 (dino 3.7332 ibot 3.4817 gram 0.0045 koleo -0.2529) lr 4.97e-05 0.983 it/s
step 15675/30000 loss 6.4745 (dino 3.6142 ibot 2.6467 gram 0.0049 koleo 2.0874) lr 4.96e-05 0.983 it/s
step 15700/30000 loss 6.3133 (dino 3.3948 ibot 2.7055 gram 0.0045 koleo 2.0845) lr 4.94e-05 0.982 it/s
step 15725/30000 loss 6.9697 (dino 3.8378 ibot 2.9536 gram 0.0041 koleo 1.7415) lr 4.93e-05 0.982 it/s
step 15750/30000 loss 6.7315 (dino 3.8256 ibot 2.8107 gram 0.0039 koleo 0.9124) lr 4.92e-05 0.982 it/s
step 15775/30000 loss 5.9137 (dino 3.2808 ibot 2.6485 gram 0.0049 koleo -0.2045) lr 4.90e-05 0.982 it/s
step 15800/30000 loss 6.0811 (dino 3.6398 ibot 2.1127 gram 0.0039 koleo 3.2474) lr 4.89e-05 0.982 it/s
step 15825/30000 loss 7.0614 (dino 4.0864 ibot 2.7941 gram 0.0050 koleo 1.7580) lr 4.88e-05 0.982 it/s
step 15850/30000 loss 6.3576 (dino 3.4115 ibot 2.7684 gram 0.0044 koleo 1.7337) lr 4.86e-05 0.982 it/s
step 15875/30000 loss 6.8495 (dino 3.6128 ibot 3.1403 gram 0.0042 koleo 0.9219) lr 4.85e-05 0.982 it/s
step 15900/30000 loss 5.9127 (dino 3.3941 ibot 2.5404 gram 0.0045 koleo -0.2625) lr 4.84e-05 0.982 it/s
step 15925/30000 loss 7.4864 (dino 4.2803 ibot 3.0275 gram 0.0048 koleo 1.7380) lr 4.82e-05 0.981 it/s
step 15950/30000 loss 6.9180 (dino 3.8048 ibot 2.8506 gram 0.0046 koleo 2.5794) lr 4.81e-05 0.981 it/s
step 15975/30000 loss 6.2322 (dino 3.9875 ibot 2.2669 gram 0.0040 koleo -0.2618) lr 4.80e-05 0.981 it/s
step 16000/30000 loss 5.5134 (dino 3.3411 ibot 2.1101 gram 0.0043 koleo 0.5790) lr 4.78e-05 0.981 it/s
step 16025/30000 loss 7.1333 (dino 3.8959 ibot 3.0067 gram 0.0045 koleo 2.2626) lr 4.77e-05 0.981 it/s
step 16050/30000 loss 6.9861 (dino 4.4118 ibot 2.4192 gram 0.0046 koleo 1.5056) lr 4.76e-05 0.981 it/s
step 16075/30000 loss 6.4126 (dino 3.3360 ibot 3.0957 gram 0.0046 koleo -0.2374) lr 4.74e-05 0.981 it/s
step 16100/30000 loss 5.8976 (dino 3.1643 ibot 2.5543 gram 0.0045 koleo 1.7455) lr 4.73e-05 0.981 it/s
step 16125/30000 loss 6.9031 (dino 4.3867 ibot 2.5369 gram 0.0048 koleo -0.2537) lr 4.72e-05 0.980 it/s
step 16150/30000 loss 7.4436 (dino 4.5101 ibot 2.6133 gram 0.0043 koleo 3.1589) lr 4.70e-05 0.980 it/s
step 16175/30000 loss 7.0467 (dino 4.3409 ibot 2.5272 gram 0.0040 koleo 1.7451) lr 4.69e-05 0.980 it/s
step 16200/30000 loss 6.1567 (dino 3.5344 ibot 2.6433 gram 0.0047 koleo -0.2564) lr 4.68e-05 0.980 it/s
step 16225/30000 loss 7.1003 (dino 4.0568 ibot 2.9292 gram 0.0043 koleo 1.1010) lr 4.66e-05 0.980 it/s
step 16250/30000 loss 7.3603 (dino 4.3584 ibot 2.8542 gram 0.0056 koleo 1.4212) lr 4.65e-05 0.980 it/s
step 16275/30000 loss 6.9704 (dino 3.6071 ibot 3.0630 gram 0.0041 koleo 2.9623) lr 4.64e-05 0.980 it/s
step 16300/30000 loss 7.0142 (dino 4.0457 ibot 2.6947 gram 0.0047 koleo 2.6916) lr 4.62e-05 0.980 it/s
step 16325/30000 loss 7.5961 (dino 4.4943 ibot 2.9206 gram 0.0049 koleo 1.7628) lr 4.61e-05 0.980 it/s
step 16350/30000 loss 6.8806 (dino 3.7369 ibot 2.9967 gram 0.0049 koleo 1.4202) lr 4.60e-05 0.979 it/s
step 16375/30000 loss 6.7255 (dino 4.2174 ibot 2.3040 gram 0.0041 koleo 2.0002) lr 4.58e-05 0.979 it/s
step 16400/30000 loss 5.6737 (dino 3.3649 ibot 2.2125 gram 0.0047 koleo 0.9168) lr 4.57e-05 0.979 it/s
step 16425/30000 loss 6.6545 (dino 3.8596 ibot 2.6152 gram 0.0049 koleo 1.7488) lr 4.56e-05 0.979 it/s
step 16450/30000 loss 6.5365 (dino 3.7446 ibot 2.6792 gram 0.0048 koleo 1.0796) lr 4.54e-05 0.979 it/s
step 16475/30000 loss 7.4288 (dino 4.4096 ibot 2.8417 gram 0.0043 koleo 1.7325) lr 4.53e-05 0.979 it/s
step 16500/30000 loss 6.3364 (dino 3.5312 ibot 2.5738 gram 0.0046 koleo 2.2688) lr 4.52e-05 0.979 it/s
step 16525/30000 loss 7.4923 (dino 4.5517 ibot 2.6755 gram 0.0043 koleo 2.6080) lr 4.50e-05 0.979 it/s
step 16550/30000 loss 7.8400 (dino 4.3628 ibot 3.1813 gram 0.0049 koleo 2.9106) lr 4.49e-05 0.979 it/s
step 16575/30000 loss 5.9956 (dino 3.7302 ibot 2.1642 gram 0.0044 koleo 0.9677) lr 4.48e-05 0.978 it/s
step 16600/30000 loss 5.6836 (dino 3.4260 ibot 2.0788 gram 0.0048 koleo 1.7397) lr 4.46e-05 0.978 it/s
step 16625/30000 loss 6.1266 (dino 3.6264 ibot 2.4047 gram 0.0042 koleo 0.9133) lr 4.45e-05 0.978 it/s
step 16650/30000 loss 6.8421 (dino 4.0487 ibot 2.5429 gram 0.0054 koleo 2.4520) lr 4.44e-05 0.978 it/s
step 16675/30000 loss 6.1722 (dino 3.4220 ibot 2.6864 gram 0.0044 koleo 0.5934) lr 4.42e-05 0.978 it/s
step 16700/30000 loss 6.5044 (dino 3.8747 ibot 2.4818 gram 0.0047 koleo 1.4315) lr 4.41e-05 0.978 it/s
step 16725/30000 loss 6.9021 (dino 3.7544 ibot 2.8499 gram 0.0050 koleo 2.9281) lr 4.40e-05 0.978 it/s
step 16750/30000 loss 7.4107 (dino 4.0990 ibot 3.2160 gram 0.0048 koleo 0.9092) lr 4.38e-05 0.978 it/s
step 16775/30000 loss 5.2830 (dino 3.0165 ibot 2.2881 gram 0.0043 koleo -0.2594) lr 4.37e-05 0.978 it/s
step 16800/30000 loss 6.2855 (dino 3.8073 ibot 2.2972 gram 0.0053 koleo 1.7566) lr 4.36e-05 0.977 it/s
step 16825/30000 loss 6.2518 (dino 4.0575 ibot 2.2159 gram 0.0042 koleo -0.2572) lr 4.34e-05 0.977 it/s
step 16850/30000 loss 5.6969 (dino 2.9921 ibot 2.5070 gram 0.0043 koleo 1.9353) lr 4.33e-05 0.977 it/s
step 16875/30000 loss 6.3013 (dino 3.6699 ibot 2.6521 gram 0.0047 koleo -0.2539) lr 4.32e-05 0.977 it/s
step 16900/30000 loss 6.8925 (dino 3.8868 ibot 2.8259 gram 0.0042 koleo 1.7552) lr 4.30e-05 0.977 it/s
step 16925/30000 loss 5.6861 (dino 3.6913 ibot 2.0178 gram 0.0037 koleo -0.2661) lr 4.29e-05 0.977 it/s
step 16950/30000 loss 6.6476 (dino 3.5423 ibot 2.8826 gram 0.0046 koleo 2.1820) lr 4.28e-05 0.977 it/s
step 16975/30000 loss 5.4918 (dino 2.9233 ibot 2.4230 gram 0.0043 koleo 1.4132) lr 4.26e-05 0.977 it/s
step 17000/30000 loss 6.6335 (dino 3.6174 ibot 2.7025 gram 0.0047 koleo 3.0894) lr 4.25e-05 0.977 it/s
step 17025/30000 loss 6.6325 (dino 3.2171 ibot 3.2149 gram 0.0038 koleo 1.9660) lr 4.24e-05 0.976 it/s
step 17050/30000 loss 7.0676 (dino 3.9013 ibot 2.9856 gram 0.0049 koleo 1.7582) lr 4.22e-05 0.976 it/s
step 17075/30000 loss 7.3156 (dino 4.4668 ibot 2.6514 gram 0.0047 koleo 1.9266) lr 4.21e-05 0.976 it/s
step 17100/30000 loss 6.7512 (dino 3.8719 ibot 2.4484 gram 0.0044 koleo 4.2655) lr 4.20e-05 0.976 it/s
step 17125/30000 loss 7.8943 (dino 4.7924 ibot 2.9233 gram 0.0043 koleo 1.7444) lr 4.18e-05 0.976 it/s
step 17150/30000 loss 6.1093 (dino 3.4511 ibot 2.6295 gram 0.0043 koleo 0.2447) lr 4.17e-05 0.976 it/s
step 17175/30000 loss 7.4238 (dino 4.5134 ibot 2.6481 gram 0.0047 koleo 2.5758) lr 4.16e-05 0.976 it/s
step 17200/30000 loss 5.5878 (dino 2.9719 ibot 2.3807 gram 0.0047 koleo 2.3050) lr 4.14e-05 0.976 it/s
step 17225/30000 loss 5.9883 (dino 2.8870 ibot 2.5207 gram 0.0048 koleo 5.7583) lr 4.13e-05 0.976 it/s
step 17250/30000 loss 6.2183 (dino 3.4851 ibot 2.5525 gram 0.0041 koleo 1.7670) lr 4.12e-05 0.976 it/s
step 17275/30000 loss 7.1299 (dino 4.1282 ibot 2.8898 gram 0.0048 koleo 1.0717) lr 4.10e-05 0.975 it/s
step 17300/30000 loss 6.4702 (dino 3.3439 ibot 3.0292 gram 0.0049 koleo 0.9219) lr 4.09e-05 0.975 it/s
step 17325/30000 loss 7.8667 (dino 5.0198 ibot 2.7018 gram 0.0048 koleo 1.4034) lr 4.08e-05 0.975 it/s
step 17350/30000 loss 6.4388 (dino 3.8651 ibot 2.3910 gram 0.0050 koleo 1.7761) lr 4.07e-05 0.975 it/s
step 17375/30000 loss 7.1682 (dino 4.3418 ibot 2.3928 gram 0.0044 koleo 4.2921) lr 4.05e-05 0.975 it/s
step 17400/30000 loss 7.0003 (dino 4.2025 ibot 2.5033 gram 0.0044 koleo 2.9016) lr 4.04e-05 0.975 it/s
step 17425/30000 loss 6.7627 (dino 3.2633 ibot 3.2682 gram 0.0039 koleo 2.2732) lr 4.03e-05 0.975 it/s
step 17450/30000 loss 6.7088 (dino 3.7690 ibot 2.6100 gram 0.0047 koleo 3.2514) lr 4.01e-05 0.975 it/s
step 17475/30000 loss 6.4861 (dino 3.7343 ibot 2.7729 gram 0.0046 koleo -0.2570) lr 4.00e-05 0.975 it/s
step 17500/30000 loss 6.2442 (dino 3.4853 ibot 2.5281 gram 0.0048 koleo 2.2611) lr 3.99e-05 0.975 it/s
step 17525/30000 loss 6.4043 (dino 3.6639 ibot 2.5619 gram 0.0045 koleo 1.7413) lr 3.97e-05 0.974 it/s
step 17550/30000 loss 6.8665 (dino 4.0117 ibot 2.7927 gram 0.0041 koleo 0.5808) lr 3.96e-05 0.974 it/s
step 17575/30000 loss 6.3799 (dino 3.6667 ibot 2.6000 gram 0.0050 koleo 1.0823) lr 3.95e-05 0.974 it/s
step 17600/30000 loss 6.3093 (dino 3.7110 ibot 2.5363 gram 0.0041 koleo 0.5781) lr 3.93e-05 0.974 it/s
step 17625/30000 loss 6.3587 (dino 3.8373 ibot 2.3437 gram 0.0039 koleo 1.7377) lr 3.92e-05 0.974 it/s
step 17650/30000 loss 6.9131 (dino 3.8700 ibot 2.8947 gram 0.0053 koleo 1.4306) lr 3.91e-05 0.974 it/s
step 17675/30000 loss 6.7396 (dino 3.9023 ibot 2.8602 gram 0.0040 koleo -0.2702) lr 3.89e-05 0.974 it/s
step 17700/30000 loss 5.6167 (dino 3.2026 ibot 2.3039 gram 0.0041 koleo 1.0614) lr 3.88e-05 0.974 it/s
step 17725/30000 loss 6.6032 (dino 3.9374 ibot 2.5702 gram 0.0043 koleo 0.9135) lr 3.87e-05 0.974 it/s
step 17750/30000 loss 5.6325 (dino 2.9801 ibot 2.5042 gram 0.0042 koleo 1.4397) lr 3.86e-05 0.974 it/s
step 17775/30000 loss 6.1169 (dino 3.3419 ibot 2.6705 gram 0.0043 koleo 1.0014) lr 3.84e-05 0.973 it/s
step 17800/30000 loss 7.2366 (dino 4.2584 ibot 2.7170 gram 0.0047 koleo 2.5651) lr 3.83e-05 0.973 it/s
step 17825/30000 loss 6.1097 (dino 3.2854 ibot 2.7275 gram 0.0040 koleo 0.9284) lr 3.82e-05 0.973 it/s
step 17850/30000 loss 6.2314 (dino 3.5806 ibot 2.4710 gram 0.0047 koleo 1.7510) lr 3.80e-05 0.973 it/s
step 17875/30000 loss 6.9662 (dino 3.8191 ibot 3.0515 gram 0.0044 koleo 0.9113) lr 3.79e-05 0.973 it/s
step 17900/30000 loss 7.2295 (dino 4.5982 ibot 2.6516 gram 0.0048 koleo -0.2507) lr 3.78e-05 0.973 it/s
step 17925/30000 loss 5.9495 (dino 3.2444 ibot 2.5242 gram 0.0051 koleo 1.7582) lr 3.77e-05 0.973 it/s
step 17950/30000 loss 6.0579 (dino 3.2489 ibot 2.5437 gram 0.0046 koleo 2.6074) lr 3.75e-05 0.973 it/s
step 17975/30000 loss 6.9538 (dino 4.2628 ibot 2.5962 gram 0.0044 koleo 0.9045) lr 3.74e-05 0.973 it/s
step 18000/30000 loss 6.1669 (dino 3.4028 ibot 2.5501 gram 0.0053 koleo 2.0863) lr 3.73e-05 0.973 it/s
step 18025/30000 loss 7.6653 (dino 4.8639 ibot 2.6041 gram 0.0050 koleo 1.9227) lr 3.71e-05 0.973 it/s
step 18050/30000 loss 6.9578 (dino 4.2354 ibot 2.6589 gram 0.0051 koleo 0.5834) lr 3.70e-05 0.972 it/s
step 18075/30000 loss 6.8942 (dino 3.9546 ibot 2.7600 gram 0.0044 koleo 1.7528) lr 3.69e-05 0.972 it/s
step 18100/30000 loss 5.6610 (dino 3.1783 ibot 2.2522 gram 0.0043 koleo 2.2614) lr 3.67e-05 0.972 it/s
step 18125/30000 loss 6.9710 (dino 3.6614 ibot 3.2480 gram 0.0045 koleo 0.5715) lr 3.66e-05 0.972 it/s
step 18150/30000 loss 6.2989 (dino 3.7304 ibot 2.4729 gram 0.0052 koleo 0.9042) lr 3.65e-05 0.972 it/s
step 18175/30000 loss 6.7542 (dino 3.7489 ibot 2.9426 gram 0.0049 koleo 0.5778) lr 3.64e-05 0.972 it/s
step 18200/30000 loss 5.7612 (dino 3.0611 ibot 2.6039 gram 0.0048 koleo 0.9138) lr 3.62e-05 0.972 it/s
step 18225/30000 loss 6.3499 (dino 3.4416 ibot 2.8479 gram 0.0043 koleo 0.5607) lr 3.61e-05 0.972 it/s
step 18250/30000 loss 6.9004 (dino 3.7939 ibot 3.1265 gram 0.0052 koleo -0.2527) lr 3.60e-05 0.972 it/s
step 18275/30000 loss 6.0924 (dino 3.0598 ibot 2.9369 gram 0.0042 koleo 0.9153) lr 3.58e-05 0.972 it/s
step 18300/30000 loss 6.5002 (dino 3.9362 ibot 2.5855 gram 0.0045 koleo -0.2608) lr 3.57e-05 0.972 it/s
step 18325/30000 loss 7.2801 (dino 4.1795 ibot 2.9213 gram 0.0045 koleo 1.7473) lr 3.56e-05 0.971 it/s
step 18350/30000 loss 6.9479 (dino 4.3914 ibot 2.4959 gram 0.0041 koleo 0.5661) lr 3.55e-05 0.971 it/s
step 18375/30000 loss 6.0540 (dino 3.8215 ibot 2.1635 gram 0.0055 koleo 0.6351) lr 3.53e-05 0.971 it/s
step 18400/30000 loss 6.9730 (dino 3.8618 ibot 3.0468 gram 0.0050 koleo 0.5938) lr 3.52e-05 0.971 it/s
step 18425/30000 loss 6.2221 (dino 3.3572 ibot 2.5680 gram 0.0043 koleo 2.9266) lr 3.51e-05 0.971 it/s
step 18450/30000 loss 6.3681 (dino 3.6117 ibot 2.6600 gram 0.0041 koleo 0.9215) lr 3.50e-05 0.971 it/s
step 18475/30000 loss 7.1506 (dino 4.1541 ibot 2.7840 gram 0.0050 koleo 2.0744) lr 3.48e-05 0.971 it/s
step 18500/30000 loss 7.1587 (dino 4.2641 ibot 2.7490 gram 0.0042 koleo 1.4137) lr 3.47e-05 0.971 it/s
step 18525/30000 loss 7.1015 (dino 4.1960 ibot 2.6103 gram 0.0044 koleo 2.9084) lr 3.46e-05 0.971 it/s
step 18550/30000 loss 6.3435 (dino 3.4244 ibot 2.6897 gram 0.0042 koleo 2.2533) lr 3.44e-05 0.971 it/s
step 18575/30000 loss 6.6551 (dino 3.9470 ibot 2.6130 gram 0.0043 koleo 0.9078) lr 3.43e-05 0.971 it/s
step 18600/30000 loss 6.8837 (dino 3.7227 ibot 2.6758 gram 0.0058 koleo 4.7950) lr 3.42e-05 0.970 it/s
step 18625/30000 loss 6.2143 (dino 3.5531 ibot 2.5991 gram 0.0042 koleo 0.5787) lr 3.41e-05 0.970 it/s
step 18650/30000 loss 6.7556 (dino 3.9846 ibot 2.7410 gram 0.0055 koleo 0.2444) lr 3.39e-05 0.970 it/s
step 18675/30000 loss 6.8559 (dino 4.0402 ibot 2.8360 gram 0.0049 koleo -0.2509) lr 3.38e-05 0.970 it/s
step 18700/30000 loss 6.4460 (dino 3.6905 ibot 2.6025 gram 0.0038 koleo 1.4923) lr 3.37e-05 0.970 it/s
step 18725/30000 loss 6.7755 (dino 4.1819 ibot 2.6157 gram 0.0047 koleo -0.2683) lr 3.36e-05 0.970 it/s
step 18750/30000 loss 7.0513 (dino 4.3052 ibot 2.5998 gram 0.0042 koleo 1.4208) lr 3.34e-05 0.970 it/s
step 18775/30000 loss 6.1611 (dino 3.7261 ibot 2.2574 gram 0.0039 koleo 1.7368) lr 3.33e-05 0.970 it/s
step 18800/30000 loss 6.4276 (dino 3.7638 ibot 2.4343 gram 0.0044 koleo 2.2520) lr 3.32e-05 0.970 it/s
step 18825/30000 loss 6.7828 (dino 3.8796 ibot 2.6087 gram 0.0039 koleo 2.9058) lr 3.31e-05 0.970 it/s
step 18850/30000 loss 7.1377 (dino 4.0007 ibot 3.0739 gram 0.0053 koleo 0.5776) lr 3.29e-05 0.970 it/s
step 18875/30000 loss 6.6140 (dino 4.0159 ibot 2.3026 gram 0.0046 koleo 2.9096) lr 3.28e-05 0.969 it/s
step 18900/30000 loss 5.5223 (dino 2.8848 ibot 2.4576 gram 0.0047 koleo 1.7521) lr 3.27e-05 0.969 it/s
step 18925/30000 loss 6.6108 (dino 3.6108 ibot 2.8524 gram 0.0056 koleo 1.4198) lr 3.26e-05 0.969 it/s
step 18950/30000 loss 6.2615 (dino 3.6069 ibot 2.5919 gram 0.0041 koleo 0.5870) lr 3.24e-05 0.969 it/s
step 18975/30000 loss 5.2472 (dino 3.1599 ibot 2.1092 gram 0.0043 koleo -0.2615) lr 3.23e-05 0.969 it/s
step 19000/30000 loss 6.4088 (dino 3.5152 ibot 2.8320 gram 0.0049 koleo 0.5659) lr 3.22e-05 0.969 it/s
step 19025/30000 loss 6.1433 (dino 3.4001 ibot 2.4474 gram 0.0045 koleo 2.9135) lr 3.21e-05 0.969 it/s
step 19050/30000 loss 6.5988 (dino 3.5431 ibot 2.7522 gram 0.0047 koleo 2.9881) lr 3.19e-05 0.969 it/s
step 19075/30000 loss 7.2854 (dino 4.1450 ibot 2.8768 gram 0.0046 koleo 2.5895) lr 3.18e-05 0.969 it/s
step 19100/30000 loss 6.4860 (dino 3.5267 ibot 2.9298 gram 0.0045 koleo 0.2495) lr 3.17e-05 0.969 it/s
step 19125/30000 loss 6.7772 (dino 3.9124 ibot 2.7038 gram 0.0042 koleo 1.5677) lr 3.16e-05 0.969 it/s
step 19150/30000 loss 6.8785 (dino 3.8781 ibot 2.8215 gram 0.0043 koleo 1.7458) lr 3.14e-05 0.969 it/s
step 19175/30000 loss 6.8274 (dino 4.2481 ibot 2.6004 gram 0.0044 koleo -0.2553) lr 3.13e-05 0.968 it/s
step 19200/30000 loss 6.5104 (dino 3.7751 ibot 2.5236 gram 0.0044 koleo 2.0724) lr 3.12e-05 0.968 it/s
step 19225/30000 loss 7.3585 (dino 4.0956 ibot 2.9185 gram 0.0048 koleo 3.3968) lr 3.11e-05 0.968 it/s
step 19250/30000 loss 5.8293 (dino 2.7887 ibot 2.9765 gram 0.0050 koleo 0.5905) lr 3.09e-05 0.968 it/s
step 19275/30000 loss 6.5042 (dino 3.3284 ibot 2.9044 gram 0.0042 koleo 2.6706) lr 3.08e-05 0.968 it/s
step 19300/30000 loss 6.0335 (dino 3.1663 ibot 2.6821 gram 0.0043 koleo 1.8080) lr 3.07e-05 0.968 it/s
step 19325/30000 loss 5.5424 (dino 3.0545 ibot 2.2596 gram 0.0043 koleo 2.2395) lr 3.06e-05 0.968 it/s
step 19350/30000 loss 7.3794 (dino 4.2548 ibot 2.8978 gram 0.0039 koleo 2.2285) lr 3.05e-05 0.968 it/s
step 19375/30000 loss 7.1979 (dino 4.3016 ibot 2.5992 gram 0.0049 koleo 2.9218) lr 3.03e-05 0.968 it/s
step 19400/30000 loss 6.2309 (dino 3.9826 ibot 2.2698 gram 0.0044 koleo -0.2596) lr 3.02e-05 0.968 it/s
step 19425/30000 loss 6.2774 (dino 3.4637 ibot 2.5840 gram 0.0047 koleo 2.2504) lr 3.01e-05 0.968 it/s
step 19450/30000 loss 7.1078 (dino 4.0706 ibot 2.8888 gram 0.0051 koleo 1.4332) lr 3.00e-05 0.968 it/s
step 19475/30000 loss 7.1991 (dino 3.4821 ibot 3.2522 gram 0.0049 koleo 4.5989) lr 2.98e-05 0.968 it/s
step 19500/30000 loss 7.1639 (dino 3.8290 ibot 2.8890 gram 0.0044 koleo 4.4140) lr 2.97e-05 0.967 it/s
step 19525/30000 loss 7.3694 (dino 4.1278 ibot 3.0619 gram 0.0044 koleo 1.7526) lr 2.96e-05 0.967 it/s
step 19550/30000 loss 5.9420 (dino 3.5666 ibot 2.1424 gram 0.0059 koleo 2.2701) lr 2.95e-05 0.967 it/s
step 19575/30000 loss 5.3942 (dino 3.3325 ibot 2.0825 gram 0.0044 koleo -0.2520) lr 2.94e-05 0.967 it/s
step 19600/30000 loss 6.1311 (dino 3.3346 ibot 2.7149 gram 0.0044 koleo 0.7733) lr 2.92e-05 0.967 it/s
step 19625/30000 loss 6.5737 (dino 3.7896 ibot 2.5233 gram 0.0044 koleo 2.5641) lr 2.91e-05 0.967 it/s
step 19650/30000 loss 6.7256 (dino 3.4803 ibot 3.1837 gram 0.0046 koleo 0.5696) lr 2.90e-05 0.967 it/s
step 19675/30000 loss 7.2157 (dino 4.0533 ibot 3.0164 gram 0.0046 koleo 1.4144) lr 2.89e-05 0.967 it/s
step 19700/30000 loss 6.1098 (dino 2.9975 ibot 2.8506 gram 0.0048 koleo 2.5684) lr 2.88e-05 0.967 it/s
step 19725/30000 loss 7.4264 (dino 4.2894 ibot 2.9888 gram 0.0048 koleo 1.4346) lr 2.86e-05 0.967 it/s
step 19750/30000 loss 7.0922 (dino 4.0578 ibot 2.8881 gram 0.0051 koleo 1.4129) lr 2.85e-05 0.967 it/s
step 19775/30000 loss 7.0421 (dino 4.6479 ibot 2.2477 gram 0.0049 koleo 1.4171) lr 2.84e-05 0.967 it/s
step 19800/30000 loss 7.2659 (dino 4.2387 ibot 2.6814 gram 0.0052 koleo 3.4063) lr 2.83e-05 0.967 it/s
step 19825/30000 loss 6.6475 (dino 3.7767 ibot 2.6746 gram 0.0044 koleo 1.9170) lr 2.82e-05 0.966 it/s
step 19850/30000 loss 6.1574 (dino 3.5384 ibot 2.6396 gram 0.0049 koleo -0.2560) lr 2.80e-05 0.966 it/s
step 19875/30000 loss 6.6599 (dino 3.6759 ibot 2.7186 gram 0.0040 koleo 2.6144) lr 2.79e-05 0.966 it/s
step 19900/30000 loss 6.1142 (dino 3.1000 ibot 2.8016 gram 0.0043 koleo 2.0835) lr 2.78e-05 0.966 it/s
step 19925/30000 loss 6.3098 (dino 3.8442 ibot 2.4865 gram 0.0050 koleo -0.2589) lr 2.77e-05 0.966 it/s
step 19950/30000 loss 5.9782 (dino 3.5058 ibot 2.2921 gram 0.0046 koleo 1.7556) lr 2.76e-05 0.966 it/s
step 19975/30000 loss 5.6933 (dino 3.1999 ibot 2.3151 gram 0.0044 koleo 1.7383) lr 2.74e-05 0.966 it/s
step 20000/30000 loss 6.4499 (dino 3.9367 ibot 2.3016 gram 0.0045 koleo 2.0708) lr 2.73e-05 0.966 it/s
step 20025/30000 loss 6.6760 (dino 3.5695 ibot 3.0480 gram 0.0016 koleo 0.5683) lr 2.72e-05 0.966 it/s
step 20050/30000 loss 7.2280 (dino 3.8278 ibot 3.0203 gram 0.0027 koleo 3.7718) lr 2.71e-05 0.966 it/s
step 20075/30000 loss 6.7970 (dino 3.8903 ibot 2.6875 gram 0.0021 koleo 2.1704) lr 2.70e-05 0.966 it/s
step 20100/30000 loss 6.5855 (dino 3.3538 ibot 3.0636 gram 0.0021 koleo 1.6607) lr 2.68e-05 0.966 it/s
step 20125/30000 loss 6.0019 (dino 3.2938 ibot 2.6493 gram 0.0015 koleo 0.5736) lr 2.67e-05 0.966 it/s
step 20150/30000 loss 7.0886 (dino 3.9029 ibot 2.7255 gram 0.0022 koleo 4.5801) lr 2.66e-05 0.965 it/s
step 20175/30000 loss 5.7187 (dino 2.8967 ibot 2.5939 gram 0.0018 koleo 2.2617) lr 2.65e-05 0.965 it/s
step 20200/30000 loss 6.0790 (dino 3.4621 ibot 2.4396 gram 0.0018 koleo 1.7546) lr 2.64e-05 0.965 it/s
step 20225/30000 loss 6.9852 (dino 3.5679 ibot 3.2397 gram 0.0022 koleo 1.7539) lr 2.63e-05 0.965 it/s
step 20250/30000 loss 6.3643 (dino 3.3819 ibot 2.7657 gram 0.0024 koleo 2.1436) lr 2.61e-05 0.965 it/s
step 20275/30000 loss 6.3039 (dino 3.6701 ibot 2.6576 gram 0.0020 koleo -0.2578) lr 2.60e-05 0.965 it/s
step 20300/30000 loss 6.8465 (dino 3.9180 ibot 2.8703 gram 0.0020 koleo 0.5626) lr 2.59e-05 0.965 it/s
step 20325/30000 loss 6.0869 (dino 3.6620 ibot 2.1973 gram 0.0015 koleo 2.2615) lr 2.58e-05 0.965 it/s
step 20350/30000 loss 6.7724 (dino 4.0176 ibot 2.6454 gram 0.0017 koleo 1.0768) lr 2.57e-05 0.965 it/s
step 20375/30000 loss 6.5468 (dino 3.4961 ibot 2.6227 gram 0.0027 koleo 4.2527) lr 2.56e-05 0.965 it/s
step 20400/30000 loss 5.7387 (dino 3.3672 ibot 2.1948 gram 0.0013 koleo 1.7533) lr 2.54e-05 0.965 it/s
step 20425/30000 loss 6.6801 (dino 3.6827 ibot 2.8215 gram 0.0021 koleo 1.7388) lr 2.53e-05 0.965 it/s
step 20450/30000 loss 5.6921 (dino 3.2992 ibot 2.3317 gram 0.0022 koleo 0.5896) lr 2.52e-05 0.965 it/s
step 20475/30000 loss 6.9576 (dino 3.7118 ibot 3.0110 gram 0.0021 koleo 2.3268) lr 2.51e-05 0.965 it/s
step 20500/30000 loss 6.8012 (dino 3.6421 ibot 3.0663 gram 0.0020 koleo 0.9082) lr 2.50e-05 0.965 it/s
step 20525/30000 loss 7.2214 (dino 4.2974 ibot 2.8141 gram 0.0022 koleo 1.0768) lr 2.49e-05 0.964 it/s
step 20550/30000 loss 6.5728 (dino 3.7817 ibot 2.6988 gram 0.0020 koleo 0.9026) lr 2.48e-05 0.964 it/s
step 20575/30000 loss 5.6817 (dino 3.4339 ibot 2.2212 gram 0.0018 koleo 0.2482) lr 2.46e-05 0.964 it/s
step 20600/30000 loss 6.9419 (dino 3.8592 ibot 2.9901 gram 0.0020 koleo 0.9063) lr 2.45e-05 0.964 it/s
step 20625/30000 loss 6.5078 (dino 3.4919 ibot 2.8060 gram 0.0019 koleo 2.0788) lr 2.44e-05 0.964 it/s
step 20650/30000 loss 6.0791 (dino 3.0307 ibot 2.8729 gram 0.0020 koleo 1.7359) lr 2.43e-05 0.964 it/s
step 20675/30000 loss 6.7626 (dino 3.7013 ibot 2.8357 gram 0.0017 koleo 2.2388) lr 2.42e-05 0.964 it/s
step 20700/30000 loss 6.6749 (dino 3.7181 ibot 2.8646 gram 0.0018 koleo 0.9031) lr 2.41e-05 0.964 it/s
step 20725/30000 loss 6.6884 (dino 3.6390 ibot 2.9058 gram 0.0024 koleo 1.4115) lr 2.40e-05 0.964 it/s
step 20750/30000 loss 6.9792 (dino 3.9681 ibot 2.7499 gram 0.0028 koleo 2.5838) lr 2.38e-05 0.964 it/s
step 20775/30000 loss 6.1078 (dino 3.5058 ibot 2.5422 gram 0.0017 koleo 0.5812) lr 2.37e-05 0.964 it/s
step 20800/30000 loss 6.1566 (dino 3.6679 ibot 2.4242 gram 0.0024 koleo 0.6209) lr 2.36e-05 0.963 it/s
step 20825/30000 loss 6.3387 (dino 3.2486 ibot 2.7858 gram 0.0017 koleo 3.0258) lr 2.35e-05 0.963 it/s
step 20850/30000 loss 6.5796 (dino 3.6558 ibot 2.7405 gram 0.0020 koleo 1.8135) lr 2.34e-05 0.963 it/s
step 20875/30000 loss 7.6630 (dino 4.7151 ibot 2.8052 gram 0.0022 koleo 1.4059) lr 2.33e-05 0.963 it/s
step 20900/30000 loss 6.8216 (dino 3.5578 ibot 3.1029 gram 0.0023 koleo 1.5850) lr 2.32e-05 0.963 it/s
step 20925/30000 loss 6.5759 (dino 3.4432 ibot 2.9069 gram 0.0019 koleo 2.2384) lr 2.31e-05 0.963 it/s
step 20950/30000 loss 6.5710 (dino 3.9084 ibot 2.6021 gram 0.0017 koleo 0.5883) lr 2.29e-05 0.963 it/s
step 20975/30000 loss 7.0815 (dino 3.9420 ibot 2.8807 gram 0.0017 koleo 2.5703) lr 2.28e-05 0.963 it/s
step 21000/30000 loss 6.6444 (dino 3.7867 ibot 2.7478 gram 0.0019 koleo 1.0804) lr 2.27e-05 0.963 it/s
step 21025/30000 loss 7.1858 (dino 4.1461 ibot 3.0131 gram 0.0013 koleo 0.2531) lr 2.26e-05 0.963 it/s
step 21050/30000 loss 6.4757 (dino 3.4020 ibot 3.0974 gram 0.0023 koleo -0.2588) lr 2.25e-05 0.963 it/s
step 21075/30000 loss 7.0463 (dino 3.9543 ibot 2.7726 gram 0.0019 koleo 3.1753) lr 2.24e-05 0.963 it/s
step 21100/30000 loss 6.4384 (dino 3.2084 ibot 2.9705 gram 0.0015 koleo 2.5801) lr 2.23e-05 0.963 it/s
step 21125/30000 loss 6.4302 (dino 3.6226 ibot 2.5976 gram 0.0023 koleo 2.0768) lr 2.22e-05 0.962 it/s
step 21150/30000 loss 7.6499 (dino 4.4526 ibot 3.1037 gram 0.0024 koleo 0.9128) lr 2.21e-05 0.962 it/s
step 21175/30000 loss 6.7805 (dino 4.2043 ibot 2.4800 gram 0.0021 koleo 0.9409) lr 2.20e-05 0.962 it/s
step 21200/30000 loss 5.9738 (dino 2.8848 ibot 2.8118 gram 0.0018 koleo 2.7536) lr 2.18e-05 0.962 it/s
step 21225/30000 loss 6.3783 (dino 3.5921 ibot 2.7264 gram 0.0016 koleo 0.5823) lr 2.17e-05 0.962 it/s
step 21250/30000 loss 7.3812 (dino 4.2479 ibot 3.1573 gram 0.0021 koleo -0.2617) lr 2.16e-05 0.962 it/s
step 21275/30000 loss 6.3692 (dino 3.5044 ibot 2.6885 gram 0.0017 koleo 1.7457) lr 2.15e-05 0.962 it/s
step 21300/30000 loss 6.2723 (dino 3.2607 ibot 2.8361 gram 0.0022 koleo 1.7341) lr 2.14e-05 0.962 it/s
step 21325/30000 loss 6.0640 (dino 3.2370 ibot 2.5350 gram 0.0014 koleo 2.9065) lr 2.13e-05 0.962 it/s
step 21350/30000 loss 6.4869 (dino 3.7699 ibot 2.5073 gram 0.0019 koleo 2.0775) lr 2.12e-05 0.962 it/s
step 21375/30000 loss 6.3208 (dino 3.8039 ibot 2.3070 gram 0.0018 koleo 2.0803) lr 2.11e-05 0.962 it/s
step 21400/30000 loss 6.6953 (dino 3.8230 ibot 2.6960 gram 0.0021 koleo 1.7430) lr 2.10e-05 0.961 it/s
step 21425/30000 loss 7.2546 (dino 4.0534 ibot 3.1090 gram 0.0019 koleo 0.9039) lr 2.09e-05 0.961 it/s
step 21450/30000 loss 6.4318 (dino 3.5991 ibot 2.7389 gram 0.0024 koleo 0.9134) lr 2.08e-05 0.961 it/s
step 21475/30000 loss 6.2378 (dino 3.1377 ibot 3.0396 gram 0.0023 koleo 0.5819) lr 2.07e-05 0.961 it/s
step 21500/30000 loss 6.3884 (dino 3.2732 ibot 3.0536 gram 0.0025 koleo 0.5900) lr 2.05e-05 0.961 it/s
step 21525/30000 loss 7.3802 (dino 4.4622 ibot 2.6605 gram 0.0022 koleo 2.5519) lr 2.04e-05 0.961 it/s
step 21550/30000 loss 5.8052 (dino 3.2596 ibot 2.2190 gram 0.0016 koleo 3.2510) lr 2.03e-05 0.961 it/s
step 21575/30000 loss 5.6761 (dino 3.0762 ibot 2.5393 gram 0.0017 koleo 0.5880) lr 2.02e-05 0.961 it/s
step 21600/30000 loss 6.8698 (dino 3.4914 ibot 3.2859 gram 0.0016 koleo 0.9092) lr 2.01e-05 0.961 it/s
step 21625/30000 loss 6.5369 (dino 3.1876 ibot 3.1740 gram 0.0021 koleo 1.7314) lr 2.00e-05 0.961 it/s
step 21650/30000 loss 7.4193 (dino 3.8862 ibot 3.3449 gram 0.0027 koleo 1.8562) lr 1.99e-05 0.961 it/s
step 21675/30000 loss 6.5070 (dino 3.5889 ibot 2.8577 gram 0.0018 koleo 0.5873) lr 1.98e-05 0.961 it/s
step 21700/30000 loss 5.4737 (dino 3.0153 ibot 2.4777 gram 0.0019 koleo -0.2112) lr 1.97e-05 0.961 it/s
step 21725/30000 loss 7.5358 (dino 4.2645 ibot 2.8749 gram 0.0028 koleo 3.9359) lr 1.96e-05 0.960 it/s
step 21750/30000 loss 7.0947 (dino 4.5701 ibot 2.3082 gram 0.0017 koleo 2.1472) lr 1.95e-05 0.960 it/s
step 21775/30000 loss 6.9450 (dino 3.8204 ibot 2.9477 gram 0.0024 koleo 1.7452) lr 1.94e-05 0.960 it/s
step 21800/30000 loss 6.8399 (dino 4.0496 ibot 2.6986 gram 0.0017 koleo 0.8995) lr 1.93e-05 0.960 it/s
step 21825/30000 loss 6.7028 (dino 3.3028 ibot 3.1061 gram 0.0018 koleo 2.9197) lr 1.92e-05 0.960 it/s
step 21850/30000 loss 6.8675 (dino 3.7241 ibot 3.0827 gram 0.0018 koleo 0.5889) lr 1.91e-05 0.960 it/s
step 21875/30000 loss 6.9604 (dino 4.1881 ibot 2.6265 gram 0.0019 koleo 1.4383) lr 1.90e-05 0.960 it/s
step 21900/30000 loss 6.4585 (dino 3.6128 ibot 2.6183 gram 0.0018 koleo 2.2573) lr 1.89e-05 0.960 it/s
step 21925/30000 loss 7.2888 (dino 4.2769 ibot 3.0362 gram 0.0022 koleo -0.2657) lr 1.88e-05 0.960 it/s
step 21950/30000 loss 6.0748 (dino 3.2776 ibot 2.5041 gram 0.0020 koleo 2.9123) lr 1.87e-05 0.960 it/s
step 21975/30000 loss 7.0988 (dino 4.3845 ibot 2.7399 gram 0.0017 koleo -0.2728) lr 1.86e-05 0.960 it/s
step 22000/30000 loss 7.1351 (dino 4.0480 ibot 3.0584 gram 0.0021 koleo 0.2654) lr 1.85e-05 0.960 it/s
step 22025/30000 loss 6.1530 (dino 3.2774 ibot 2.7297 gram 0.0020 koleo 1.4388) lr 1.84e-05 0.959 it/s
step 22050/30000 loss 5.5115 (dino 2.7650 ibot 2.6545 gram 0.0016 koleo 0.9044) lr 1.83e-05 0.959 it/s
step 22075/30000 loss 6.3694 (dino 3.5000 ibot 2.8094 gram 0.0020 koleo 0.5800) lr 1.82e-05 0.959 it/s
step 22100/30000 loss 6.3928 (dino 3.5055 ibot 2.5608 gram 0.0020 koleo 3.2443) lr 1.81e-05 0.959 it/s
step 22125/30000 loss 7.5345 (dino 4.2337 ibot 3.0414 gram 0.0022 koleo 2.5722) lr 1.80e-05 0.959 it/s
step 22150/30000 loss 6.5325 (dino 3.6192 ibot 2.7380 gram 0.0019 koleo 1.7338) lr 1.78e-05 0.959 it/s
step 22175/30000 loss 6.6461 (dino 3.9605 ibot 2.7100 gram 0.0016 koleo -0.2607) lr 1.77e-05 0.959 it/s
step 22200/30000 loss 6.5239 (dino 3.8137 ibot 2.5646 gram 0.0020 koleo 1.4354) lr 1.76e-05 0.959 it/s
step 22225/30000 loss 6.6147 (dino 3.9092 ibot 2.6131 gram 0.0019 koleo 0.9054) lr 1.75e-05 0.959 it/s
step 22250/30000 loss 5.9818 (dino 2.8841 ibot 3.0376 gram 0.0020 koleo 0.5818) lr 1.74e-05 0.959 it/s
step 22275/30000 loss 6.9247 (dino 3.7109 ibot 3.1041 gram 0.0023 koleo 1.0730) lr 1.73e-05 0.958 it/s
step 22300/30000 loss 6.7184 (dino 3.5609 ibot 3.1816 gram 0.0018 koleo -0.2600) lr 1.72e-05 0.958 it/s
step 22325/30000 loss 6.3216 (dino 3.4704 ibot 2.5920 gram 0.0016 koleo 2.5752) lr 1.72e-05 0.958 it/s
step 22350/30000 loss 6.4910 (dino 4.1535 ibot 2.2444 gram 0.0021 koleo 0.9104) lr 1.71e-05 0.958 it/s
step 22375/30000 loss 6.6339 (dino 3.9744 ibot 2.5651 gram 0.0022 koleo 0.9215) lr 1.70e-05 0.958 it/s
step 22400/30000 loss 7.3085 (dino 4.2355 ibot 3.0492 gram 0.0019 koleo 0.2192) lr 1.69e-05 0.958 it/s
step 22425/30000 loss 6.5084 (dino 3.5067 ibot 2.8250 gram 0.0020 koleo 1.7463) lr 1.68e-05 0.958 it/s
step 22450/30000 loss 7.5848 (dino 4.1381 ibot 3.2374 gram 0.0022 koleo 2.0700) lr 1.67e-05 0.958 it/s
step 22475/30000 loss 6.2879 (dino 3.3083 ibot 2.8862 gram 0.0021 koleo 0.9138) lr 1.66e-05 0.957 it/s
step 22500/30000 loss 6.6295 (dino 3.6800 ibot 2.7726 gram 0.0023 koleo 1.7464) lr 1.65e-05 0.957 it/s
step 22525/30000 loss 7.2420 (dino 3.9438 ibot 2.8379 gram 0.0017 koleo 4.5862) lr 1.64e-05 0.956 it/s
step 22550/30000 loss 6.3823 (dino 3.3923 ibot 2.8143 gram 0.0017 koleo 1.7396) lr 1.63e-05 0.956 it/s
step 22575/30000 loss 6.7270 (dino 3.7981 ibot 2.6686 gram 0.0020 koleo 2.5834) lr 1.62e-05 0.955 it/s
step 22600/30000 loss 5.6009 (dino 3.1654 ibot 2.2514 gram 0.0022 koleo 1.8190) lr 1.61e-05 0.955 it/s
step 22625/30000 loss 6.3058 (dino 3.2461 ibot 2.8001 gram 0.0023 koleo 2.5727) lr 1.60e-05 0.954 it/s
step 22650/30000 loss 6.4658 (dino 3.6000 ibot 2.7564 gram 0.0020 koleo 1.0737) lr 1.59e-05 0.954 it/s
step 22675/30000 loss 7.6547 (dino 4.4089 ibot 3.0696 gram 0.0016 koleo 1.7457) lr 1.58e-05 0.953 it/s
step 22700/30000 loss 6.1714 (dino 3.4164 ibot 2.5779 gram 0.0019 koleo 1.7523) lr 1.57e-05 0.953 it/s
step 22725/30000 loss 6.7612 (dino 3.9202 ibot 2.6318 gram 0.0018 koleo 2.0731) lr 1.56e-05 0.952 it/s
step 22750/30000 loss 7.5022 (dino 4.5649 ibot 2.7011 gram 0.0021 koleo 2.3404) lr 1.55e-05 0.952 it/s
step 22775/30000 loss 5.1027 (dino 3.1404 ibot 1.8111 gram 0.0018 koleo 1.4941) lr 1.54e-05 0.951 it/s
step 22800/30000 loss 6.2992 (dino 3.3840 ibot 2.8231 gram 0.0017 koleo 0.9044) lr 1.53e-05 0.951 it/s
step 22825/30000 loss 6.0264 (dino 2.8761 ibot 3.1737 gram 0.0020 koleo -0.2536) lr 1.52e-05 0.951 it/s
step 22850/30000 loss 6.5125 (dino 3.4537 ibot 2.6827 gram 0.0026 koleo 3.7347) lr 1.51e-05 0.950 it/s
step 22875/30000 loss 6.8767 (dino 3.9918 ibot 2.7436 gram 0.0021 koleo 1.3916) lr 1.50e-05 0.950 it/s
step 22900/30000 loss 6.1480 (dino 3.2989 ibot 2.7897 gram 0.0019 koleo 0.5743) lr 1.49e-05 0.949 it/s
step 22925/30000 loss 6.9813 (dino 3.7502 ibot 3.0906 gram 0.0020 koleo 1.3849) lr 1.48e-05 0.949 it/s
step 22950/30000 loss 7.3139 (dino 4.5422 ibot 2.6588 gram 0.0023 koleo 1.1053) lr 1.48e-05 0.948 it/s
step 22975/30000 loss 7.3227 (dino 3.9831 ibot 2.9627 gram 0.0022 koleo 3.7471) lr 1.47e-05 0.948 it/s
step 23000/30000 loss 6.6409 (dino 3.7873 ibot 2.5456 gram 0.0020 koleo 3.0595) lr 1.46e-05 0.947 it/s
step 23025/30000 loss 6.7525 (dino 3.8559 ibot 2.7016 gram 0.0019 koleo 1.9314) lr 1.45e-05 0.947 it/s
step 23050/30000 loss 5.9558 (dino 3.4128 ibot 2.4834 gram 0.0020 koleo 0.5764) lr 1.44e-05 0.947 it/s
step 23075/30000 loss 6.9408 (dino 3.4971 ibot 3.1826 gram 0.0023 koleo 2.5877) lr 1.43e-05 0.946 it/s
step 23100/30000 loss 6.2130 (dino 3.3516 ibot 2.8848 gram 0.0027 koleo -0.2618) lr 1.42e-05 0.946 it/s
step 23125/30000 loss 7.1630 (dino 3.9034 ibot 3.1184 gram 0.0019 koleo 1.3928) lr 1.41e-05 0.945 it/s
step 23150/30000 loss 6.1969 (dino 3.5775 ibot 2.3557 gram 0.0027 koleo 2.6108) lr 1.40e-05 0.945 it/s
step 23175/30000 loss 6.6894 (dino 3.9327 ibot 2.3278 gram 0.0016 koleo 4.2727) lr 1.39e-05 0.944 it/s
step 23200/30000 loss 5.0800 (dino 2.7854 ibot 2.1481 gram 0.0021 koleo 1.4433) lr 1.38e-05 0.944 it/s
step 23225/30000 loss 6.4703 (dino 3.7057 ibot 2.7406 gram 0.0020 koleo 0.2204) lr 1.37e-05 0.943 it/s
step 23250/30000 loss 6.4683 (dino 3.1592 ibot 3.0239 gram 0.0021 koleo 2.8300) lr 1.37e-05 0.943 it/s
step 23275/30000 loss 6.3562 (dino 3.3549 ibot 2.8262 gram 0.0020 koleo 1.7321) lr 1.36e-05 0.942 it/s
step 23300/30000 loss 6.4058 (dino 3.3504 ibot 2.9625 gram 0.0023 koleo 0.9047) lr 1.35e-05 0.942 it/s
step 23325/30000 loss 7.1894 (dino 4.2319 ibot 2.8134 gram 0.0023 koleo 1.4187) lr 1.34e-05 0.942 it/s
step 23350/30000 loss 6.7475 (dino 3.7875 ibot 2.7849 gram 0.0017 koleo 1.7338) lr 1.33e-05 0.941 it/s
step 23375/30000 loss 6.0752 (dino 3.3912 ibot 2.5384 gram 0.0022 koleo 1.4346) lr 1.32e-05 0.941 it/s
step 23400/30000 loss 6.3436 (dino 3.5576 ibot 2.7251 gram 0.0022 koleo 0.5867) lr 1.31e-05 0.940 it/s
step 23425/30000 loss 6.8075 (dino 3.7505 ibot 2.8812 gram 0.0024 koleo 1.7340) lr 1.30e-05 0.940 it/s
step 23450/30000 loss 6.9013 (dino 3.4731 ibot 3.2532 gram 0.0021 koleo 1.7292) lr 1.30e-05 0.940 it/s
step 23475/30000 loss 7.0725 (dino 4.1194 ibot 2.7430 gram 0.0020 koleo 2.0806) lr 1.29e-05 0.939 it/s
step 23500/30000 loss 6.1254 (dino 3.7612 ibot 2.1391 gram 0.0015 koleo 2.2350) lr 1.28e-05 0.939 it/s
step 23525/30000 loss 6.8869 (dino 3.8602 ibot 2.9346 gram 0.0022 koleo 0.8985) lr 1.27e-05 0.938 it/s
step 23550/30000 loss 5.2114 (dino 2.9574 ibot 2.1121 gram 0.0019 koleo 1.3989) lr 1.26e-05 0.938 it/s
step 23575/30000 loss 6.3233 (dino 3.5618 ibot 2.6213 gram 0.0020 koleo 1.3821) lr 1.25e-05 0.937 it/s
step 23600/30000 loss 6.3633 (dino 3.6272 ibot 2.5345 gram 0.0019 koleo 1.9969) lr 1.24e-05 0.937 it/s
step 23625/30000 loss 6.1721 (dino 3.6145 ibot 2.3826 gram 0.0014 koleo 1.7349) lr 1.23e-05 0.936 it/s
step 23650/30000 loss 6.7292 (dino 3.3793 ibot 3.3223 gram 0.0025 koleo 0.2507) lr 1.23e-05 0.936 it/s
step 23675/30000 loss 6.7960 (dino 3.7870 ibot 3.0336 gram 0.0020 koleo -0.2662) lr 1.22e-05 0.936 it/s
step 23700/30000 loss 6.3189 (dino 3.4022 ibot 2.7718 gram 0.0017 koleo 1.4325) lr 1.21e-05 0.935 it/s
step 23725/30000 loss 6.4349 (dino 3.5946 ibot 2.6630 gram 0.0023 koleo 1.7502) lr 1.20e-05 0.935 it/s
step 23750/30000 loss 6.2343 (dino 3.9746 ibot 2.2846 gram 0.0018 koleo -0.2671) lr 1.19e-05 0.934 it/s
step 23775/30000 loss 6.0995 (dino 3.5081 ibot 2.6158 gram 0.0020 koleo -0.2635) lr 1.18e-05 0.934 it/s
step 23800/30000 loss 6.6634 (dino 3.9704 ibot 2.5900 gram 0.0024 koleo 1.0057) lr 1.18e-05 0.934 it/s
step 23825/30000 loss 7.1937 (dino 4.0114 ibot 2.9738 gram 0.0021 koleo 2.0642) lr 1.17e-05 0.933 it/s
step 23850/30000 loss 6.4369 (dino 3.3472 ibot 2.9138 gram 0.0020 koleo 1.7395) lr 1.16e-05 0.933 it/s
step 23875/30000 loss 6.1926 (dino 3.7096 ibot 2.4245 gram 0.0017 koleo 0.5692) lr 1.15e-05 0.932 it/s
step 23900/30000 loss 6.9892 (dino 4.4326 ibot 2.5799 gram 0.0023 koleo -0.2568) lr 1.14e-05 0.932 it/s
step 23925/30000 loss 6.8648 (dino 3.8564 ibot 2.8334 gram 0.0019 koleo 1.7313) lr 1.13e-05 0.931 it/s
step 23950/30000 loss 6.4791 (dino 3.4642 ibot 2.9204 gram 0.0025 koleo 0.9200) lr 1.13e-05 0.931 it/s
step 23975/30000 loss 5.7413 (dino 3.0098 ibot 2.5556 gram 0.0023 koleo 1.7356) lr 1.12e-05 0.931 it/s
step 24000/30000 loss 7.0554 (dino 3.9336 ibot 2.7336 gram 0.0019 koleo 3.8641) lr 1.11e-05 0.930 it/s
step 24025/30000 loss 7.7059 (dino 4.0066 ibot 3.3979 gram 0.0023 koleo 2.9914) lr 1.10e-05 0.930 it/s
step 24050/30000 loss 6.6073 (dino 3.7122 ibot 2.7185 gram 0.0020 koleo 1.7469) lr 1.09e-05 0.929 it/s
step 24075/30000 loss 6.1579 (dino 3.2609 ibot 2.6027 gram 0.0019 koleo 2.9239) lr 1.09e-05 0.929 it/s
step 24100/30000 loss 5.5685 (dino 3.1339 ibot 2.4579 gram 0.0021 koleo -0.2539) lr 1.08e-05 0.929 it/s
step 24125/30000 loss 6.5021 (dino 3.4339 ibot 2.7760 gram 0.0024 koleo 2.8980) lr 1.07e-05 0.928 it/s
step 24150/30000 loss 5.6916 (dino 3.4140 ibot 2.1770 gram 0.0018 koleo 0.9882) lr 1.06e-05 0.928 it/s
step 24175/30000 loss 6.0549 (dino 2.9349 ibot 2.7431 gram 0.0023 koleo 3.7468) lr 1.05e-05 0.928 it/s
step 24200/30000 loss 5.7389 (dino 3.2525 ibot 2.3087 gram 0.0021 koleo 1.7554) lr 1.05e-05 0.927 it/s
step 24225/30000 loss 5.9827 (dino 2.8697 ibot 2.7515 gram 0.0020 koleo 3.5959) lr 1.04e-05 0.927 it/s
step 24250/30000 loss 6.9053 (dino 3.6756 ibot 3.1694 gram 0.0022 koleo 0.5802) lr 1.03e-05 0.926 it/s
step 24275/30000 loss 7.0911 (dino 4.4045 ibot 2.4603 gram 0.0021 koleo 2.2423) lr 1.02e-05 0.926 it/s
step 24300/30000 loss 6.4137 (dino 3.4101 ibot 2.9427 gram 0.0025 koleo 0.5834) lr 1.01e-05 0.926 it/s
step 24325/30000 loss 6.9550 (dino 3.6192 ibot 3.0759 gram 0.0020 koleo 2.5781) lr 1.01e-05 0.925 it/s
step 24350/30000 loss 6.5928 (dino 3.6235 ibot 2.8773 gram 0.0019 koleo 0.9002) lr 9.99e-06 0.925 it/s
step 24375/30000 loss 6.3188 (dino 3.8230 ibot 2.5181 gram 0.0019 koleo -0.2418) lr 9.91e-06 0.924 it/s
step 24400/30000 loss 6.1306 (dino 3.5963 ibot 2.5570 gram 0.0024 koleo -0.2508) lr 9.84e-06 0.924 it/s
step 24425/30000 loss 6.8609 (dino 4.0430 ibot 2.7254 gram 0.0022 koleo 0.9033) lr 9.76e-06 0.924 it/s
step 24450/30000 loss 6.5306 (dino 3.7167 ibot 2.6692 gram 0.0024 koleo 1.4230) lr 9.68e-06 0.923 it/s
step 24475/30000 loss 6.7576 (dino 3.7167 ibot 2.8637 gram 0.0019 koleo 1.7531) lr 9.61e-06 0.923 it/s
step 24500/30000 loss 6.3492 (dino 3.2630 ibot 2.9100 gram 0.0027 koleo 1.7351) lr 9.53e-06 0.923 it/s
step 24525/30000 loss 5.7965 (dino 2.6465 ibot 3.0898 gram 0.0022 koleo 0.5802) lr 9.46e-06 0.922 it/s
step 24550/30000 loss 7.1920 (dino 4.2836 ibot 2.8150 gram 0.0024 koleo 0.9099) lr 9.38e-06 0.922 it/s
step 24575/30000 loss 6.4087 (dino 3.7760 ibot 2.5731 gram 0.0018 koleo 0.5773) lr 9.31e-06 0.922 it/s
step 24600/30000 loss 7.1558 (dino 4.0219 ibot 3.0410 gram 0.0025 koleo 0.9040) lr 9.23e-06 0.921 it/s
step 24625/30000 loss 6.1633 (dino 3.5718 ibot 2.4086 gram 0.0014 koleo 1.8144) lr 9.16e-06 0.920 it/s
step 24650/30000 loss 6.7237 (dino 3.9395 ibot 2.7575 gram 0.0021 koleo 0.2464) lr 9.09e-06 0.920 it/s
step 24675/30000 loss 7.5219 (dino 3.9739 ibot 3.3211 gram 0.0020 koleo 2.2495) lr 9.01e-06 0.919 it/s
step 24700/30000 loss 6.0718 (dino 3.6036 ibot 2.3754 gram 0.0024 koleo 0.9050) lr 8.94e-06 0.919 it/s
step 24725/30000 loss 6.6775 (dino 3.7636 ibot 2.8215 gram 0.0021 koleo 0.9025) lr 8.87e-06 0.918 it/s
step 24750/30000 loss 6.5128 (dino 4.1564 ibot 2.2059 gram 0.0017 koleo 1.4876) lr 8.80e-06 0.918 it/s
step 24775/30000 loss 7.1007 (dino 3.7551 ibot 3.0868 gram 0.0021 koleo 2.5672) lr 8.72e-06 0.917 it/s
step 24800/30000 loss 6.0930 (dino 3.0651 ibot 2.7184 gram 0.0016 koleo 3.0788) lr 8.65e-06 0.917 it/s
step 24825/30000 loss 6.7307 (dino 3.8921 ibot 2.6633 gram 0.0020 koleo 1.7324) lr 8.58e-06 0.916 it/s
step 24850/30000 loss 7.4039 (dino 3.9113 ibot 3.3492 gram 0.0025 koleo 1.4094) lr 8.51e-06 0.916 it/s
step 24875/30000 loss 5.6760 (dino 3.1632 ibot 2.3334 gram 0.0018 koleo 1.7761) lr 8.44e-06 0.915 it/s
step 24900/30000 loss 5.6532 (dino 2.9075 ibot 2.6364 gram 0.0025 koleo 1.0679) lr 8.37e-06 0.915 it/s
step 24925/30000 loss 6.1721 (dino 3.5950 ibot 2.4852 gram 0.0015 koleo 0.9041) lr 8.30e-06 0.914 it/s
step 24950/30000 loss 6.3244 (dino 3.4362 ibot 2.7124 gram 0.0022 koleo 1.7362) lr 8.23e-06 0.914 it/s
step 24975/30000 loss 6.2803 (dino 3.7343 ibot 2.4013 gram 0.0021 koleo 1.4263) lr 8.16e-06 0.913 it/s
step 25000/30000 loss 6.7328 (dino 3.8503 ibot 2.7736 gram 0.0020 koleo 1.0688) lr 8.09e-06 0.913 it/s
step 25025/30000 loss 6.2228 (dino 3.6410 ibot 2.4046 gram 0.0022 koleo 1.7494) lr 8.02e-06 0.912 it/s
step 25050/30000 loss 7.5506 (dino 4.1876 ibot 3.0692 gram 0.0024 koleo 2.9143) lr 7.95e-06 0.912 it/s
step 25075/30000 loss 7.1387 (dino 3.6542 ibot 3.2752 gram 0.0023 koleo 2.0702) lr 7.88e-06 0.912 it/s
step 25100/30000 loss 6.4070 (dino 3.2265 ibot 2.8537 gram 0.0023 koleo 3.2449) lr 7.81e-06 0.911 it/s
step 25125/30000 loss 6.5048 (dino 3.4831 ibot 2.9623 gram 0.0022 koleo 0.5731) lr 7.75e-06 0.911 it/s
step 25150/30000 loss 6.4008 (dino 3.4126 ibot 2.7778 gram 0.0025 koleo 2.0786) lr 7.68e-06 0.910 it/s
step 25175/30000 loss 6.3837 (dino 3.6601 ibot 2.5145 gram 0.0023 koleo 2.0679) lr 7.61e-06 0.910 it/s
step 25200/30000 loss 6.0742 (dino 3.5679 ibot 2.4784 gram 0.0017 koleo 0.2618) lr 7.55e-06 0.909 it/s
step 25225/30000 loss 5.3475 (dino 2.7652 ibot 2.4895 gram 0.0017 koleo 0.9109) lr 7.48e-06 0.909 it/s
step 25250/30000 loss 6.6368 (dino 3.6386 ibot 3.0195 gram 0.0027 koleo -0.2409) lr 7.41e-06 0.908 it/s
step 25275/30000 loss 6.8227 (dino 3.8033 ibot 2.8107 gram 0.0021 koleo 2.0661) lr 7.35e-06 0.908 it/s
step 25300/30000 loss 6.8666 (dino 3.9766 ibot 2.6560 gram 0.0021 koleo 2.3184) lr 7.28e-06 0.907 it/s
step 25325/30000 loss 5.9597 (dino 3.2614 ibot 2.6054 gram 0.0022 koleo 0.9077) lr 7.22e-06 0.907 it/s
step 25350/30000 loss 6.1071 (dino 3.2700 ibot 2.6596 gram 0.0025 koleo 1.7500) lr 7.15e-06 0.906 it/s
step 25375/30000 loss 5.7623 (dino 3.2487 ibot 2.2522 gram 0.0018 koleo 2.5962) lr 7.09e-06 0.906 it/s
step 25400/30000 loss 6.9408 (dino 3.8658 ibot 2.6654 gram 0.0022 koleo 4.0732) lr 7.02e-06 0.905 it/s
step 25425/30000 loss 6.2554 (dino 3.5620 ibot 2.6016 gram 0.0023 koleo 0.8949) lr 6.96e-06 0.905 it/s
step 25450/30000 loss 5.7211 (dino 3.0727 ibot 2.5885 gram 0.0019 koleo 0.5809) lr 6.89e-06 0.905 it/s
step 25475/30000 loss 7.8043 (dino 4.5659 ibot 3.1364 gram 0.0020 koleo 0.9996) lr 6.83e-06 0.904 it/s
step 25500/30000 loss 7.1952 (dino 4.3217 ibot 2.6971 gram 0.0019 koleo 1.7450) lr 6.77e-06 0.904 it/s
step 25525/30000 loss 6.3592 (dino 3.8418 ibot 2.4581 gram 0.0016 koleo 0.5766) lr 6.71e-06 0.903 it/s
step 25550/30000 loss 7.5970 (dino 4.3738 ibot 2.7866 gram 0.0020 koleo 4.3457) lr 6.64e-06 0.903 it/s
step 25575/30000 loss 6.6959 (dino 4.3975 ibot 1.9449 gram 0.0018 koleo 3.5170) lr 6.58e-06 0.902 it/s
step 25600/30000 loss 6.3392 (dino 3.5314 ibot 2.6993 gram 0.0021 koleo 1.0643) lr 6.52e-06 0.902 it/s
step 25625/30000 loss 7.3085 (dino 4.2530 ibot 2.9447 gram 0.0024 koleo 1.0838) lr 6.46e-06 0.902 it/s
step 25650/30000 loss 6.4277 (dino 3.2708 ibot 3.0051 gram 0.0026 koleo 1.4919) lr 6.40e-06 0.901 it/s
step 25675/30000 loss 6.7659 (dino 3.7468 ibot 2.9079 gram 0.0020 koleo 1.0933) lr 6.34e-06 0.900 it/s
step 25700/30000 loss 6.5200 (dino 3.5577 ibot 2.7029 gram 0.0021 koleo 2.5726) lr 6.28e-06 0.899 it/s
step 25725/30000 loss 6.2870 (dino 3.3206 ibot 2.7717 gram 0.0021 koleo 1.9262) lr 6.22e-06 0.897 it/s
step 25750/30000 loss 6.7978 (dino 3.5827 ibot 3.0719 gram 0.0022 koleo 1.4098) lr 6.16e-06 0.896 it/s
step 25775/30000 loss 6.5903 (dino 3.6767 ibot 2.6886 gram 0.0019 koleo 2.2311) lr 6.10e-06 0.896 it/s
step 25800/30000 loss 7.3015 (dino 4.3581 ibot 2.8851 gram 0.0024 koleo 0.5597) lr 6.04e-06 0.895 it/s
step 25825/30000 loss 7.4717 (dino 4.4555 ibot 2.9899 gram 0.0021 koleo 0.2417) lr 5.98e-06 0.894 it/s
step 25850/30000 loss 6.6550 (dino 3.8072 ibot 2.5389 gram 0.0019 koleo 3.0702) lr 5.92e-06 0.892 it/s
step 25875/30000 loss 7.3630 (dino 4.1857 ibot 3.1513 gram 0.0022 koleo 0.2375) lr 5.86e-06 0.891 it/s
step 25900/30000 loss 6.1144 (dino 3.2919 ibot 2.7639 gram 0.0020 koleo 0.5668) lr 5.81e-06 0.890 it/s
step 25925/30000 loss 6.3524 (dino 3.4085 ibot 2.7998 gram 0.0024 koleo 1.4170) lr 5.75e-06 0.889 it/s
step 25950/30000 loss 6.7233 (dino 3.9760 ibot 2.6551 gram 0.0020 koleo 0.9024) lr 5.69e-06 0.889 it/s
step 25975/30000 loss 6.4165 (dino 3.6321 ibot 2.7259 gram 0.0020 koleo 0.5657) lr 5.63e-06 0.888 it/s
step 26000/30000 loss 6.6913 (dino 3.4620 ibot 3.1367 gram 0.0020 koleo 0.9054) lr 5.58e-06 0.888 it/s
step 26025/30000 loss 7.1122 (dino 3.8019 ibot 3.2857 gram 0.0021 koleo 0.2248) lr 5.52e-06 0.887 it/s
step 26050/30000 loss 7.3525 (dino 4.1098 ibot 3.2671 gram 0.0023 koleo -0.2664) lr 5.47e-06 0.886 it/s
step 26075/30000 loss 6.1327 (dino 3.2685 ibot 2.7710 gram 0.0023 koleo 0.9101) lr 5.41e-06 0.885 it/s
step 26100/30000 loss 5.7919 (dino 3.1475 ibot 2.6162 gram 0.0022 koleo 0.2604) lr 5.35e-06 0.884 it/s
step 26125/30000 loss 6.1491 (dino 3.3761 ibot 2.7147 gram 0.0021 koleo 0.5618) lr 5.30e-06 0.882 it/s
step 26150/30000 loss 6.7990 (dino 3.9637 ibot 2.7772 gram 0.0023 koleo 0.5586) lr 5.25e-06 0.881 it/s
step 26175/30000 loss 6.6286 (dino 4.2685 ibot 2.3004 gram 0.0018 koleo 0.5791) lr 5.19e-06 0.880 it/s
step 26200/30000 loss 5.7608 (dino 3.4821 ibot 1.8328 gram 0.0018 koleo 4.4413) lr 5.14e-06 0.879 it/s
step 26225/30000 loss 6.8760 (dino 3.8190 ibot 2.9645 gram 0.0024 koleo 0.9002) lr 5.08e-06 0.877 it/s
step 26250/30000 loss 7.2438 (dino 4.2398 ibot 3.0280 gram 0.0023 koleo -0.2629) lr 5.03e-06 0.876 it/s
step 26275/30000 loss 7.0462 (dino 3.8352 ibot 3.0342 gram 0.0020 koleo 1.7484) lr 4.98e-06 0.875 it/s
step 26300/30000 loss 6.8306 (dino 3.8383 ibot 2.8051 gram 0.0021 koleo 1.8506) lr 4.93e-06 0.874 it/s
step 26325/30000 loss 6.5261 (dino 3.3422 ibot 2.9248 gram 0.0020 koleo 2.5713) lr 4.87e-06 0.872 it/s
step 26350/30000 loss 6.4852 (dino 3.7483 ibot 2.7102 gram 0.0024 koleo 0.2437) lr 4.82e-06 0.871 it/s
step 26375/30000 loss 6.3078 (dino 3.5139 ibot 2.5658 gram 0.0027 koleo 2.2538) lr 4.77e-06 0.870 it/s
step 26400/30000 loss 6.7623 (dino 3.9443 ibot 2.7598 gram 0.0021 koleo 0.5599) lr 4.72e-06 0.869 it/s
step 26425/30000 loss 6.4860 (dino 3.5048 ibot 2.7723 gram 0.0021 koleo 2.0677) lr 4.67e-06 0.868 it/s
step 26450/30000 loss 6.0760 (dino 3.2841 ibot 2.6995 gram 0.0019 koleo 0.9045) lr 4.62e-06 0.867 it/s
step 26475/30000 loss 6.3853 (dino 3.5428 ibot 2.6121 gram 0.0020 koleo 2.2831) lr 4.57e-06 0.865 it/s
step 26500/30000 loss 6.6361 (dino 3.9740 ibot 2.4528 gram 0.0025 koleo 2.0687) lr 4.52e-06 0.864 it/s
step 26525/30000 loss 7.2155 (dino 4.2072 ibot 2.9157 gram 0.0023 koleo 0.9029) lr 4.47e-06 0.863 it/s
step 26550/30000 loss 6.6445 (dino 3.6323 ibot 2.7180 gram 0.0021 koleo 2.9215) lr 4.42e-06 0.862 it/s
step 26575/30000 loss 6.6201 (dino 4.2534 ibot 2.2751 gram 0.0019 koleo 0.8967) lr 4.37e-06 0.861 it/s
step 26600/30000 loss 6.6826 (dino 3.9277 ibot 2.5791 gram 0.0020 koleo 1.7385) lr 4.32e-06 0.860 it/s
step 26625/30000 loss 6.5454 (dino 3.8196 ibot 2.6335 gram 0.0020 koleo 0.9026) lr 4.27e-06 0.859 it/s
step 26650/30000 loss 6.4156 (dino 3.1449 ibot 2.8932 gram 0.0022 koleo 3.7530) lr 4.23e-06 0.857 it/s
step 26675/30000 loss 5.9764 (dino 3.3409 ibot 2.5431 gram 0.0021 koleo 0.9035) lr 4.18e-06 0.856 it/s
step 26700/30000 loss 5.8477 (dino 3.0979 ibot 2.6910 gram 0.0023 koleo 0.5653) lr 4.13e-06 0.855 it/s
step 26725/30000 loss 6.5754 (dino 3.7329 ibot 2.6650 gram 0.0023 koleo 1.7527) lr 4.08e-06 0.854 it/s
step 26750/30000 loss 7.1763 (dino 4.0823 ibot 2.9192 gram 0.0021 koleo 1.7273) lr 4.04e-06 0.853 it/s
step 26775/30000 loss 6.7956 (dino 4.0339 ibot 2.5812 gram 0.0025 koleo 1.7807) lr 3.99e-06 0.852 it/s
step 26800/30000 loss 6.1659 (dino 3.6192 ibot 2.5206 gram 0.0021 koleo 0.2404) lr 3.95e-06 0.851 it/s
step 26825/30000 loss 6.4585 (dino 3.2818 ibot 2.9493 gram 0.0019 koleo 2.2547) lr 3.90e-06 0.850 it/s
step 26850/30000 loss 7.0929 (dino 3.8555 ibot 2.9427 gram 0.0026 koleo 2.9211) lr 3.86e-06 0.849 it/s
step 26875/30000 loss 7.3162 (dino 3.9512 ibot 3.1834 gram 0.0019 koleo 1.7973) lr 3.81e-06 0.848 it/s
step 26900/30000 loss 6.8931 (dino 4.0568 ibot 2.7426 gram 0.0029 koleo 0.9084) lr 3.77e-06 0.847 it/s
step 26925/30000 loss 6.9367 (dino 4.1123 ibot 2.6136 gram 0.0024 koleo 2.0833) lr 3.72e-06 0.847 it/s
step 26950/30000 loss 6.0990 (dino 3.6689 ibot 2.4031 gram 0.0018 koleo 0.2526) lr 3.68e-06 0.846 it/s
step 26975/30000 loss 6.1747 (dino 3.2700 ibot 2.6453 gram 0.0025 koleo 2.5694) lr 3.64e-06 0.845 it/s
step 27000/30000 loss 6.1448 (dino 3.4085 ibot 2.4106 gram 0.0020 koleo 3.2374) lr 3.59e-06 0.844 it/s
step 27025/30000 loss 6.8562 (dino 3.9021 ibot 2.8947 gram 0.0024 koleo 0.5707) lr 3.55e-06 0.844 it/s
step 27050/30000 loss 7.3434 (dino 4.3201 ibot 2.9634 gram 0.0026 koleo 0.5733) lr 3.51e-06 0.843 it/s
step 27075/30000 loss 6.1789 (dino 3.3363 ibot 2.5842 gram 0.0021 koleo 2.5629) lr 3.47e-06 0.842 it/s
step 27100/30000 loss 6.5670 (dino 4.1546 ibot 2.3886 gram 0.0023 koleo 0.2148) lr 3.42e-06 0.842 it/s
step 27125/30000 loss 5.9746 (dino 3.4759 ibot 2.4071 gram 0.0019 koleo 0.8967) lr 3.38e-06 0.841 it/s
step 27150/30000 loss 7.4237 (dino 4.5790 ibot 2.6501 gram 0.0023 koleo 1.9223) lr 3.34e-06 0.840 it/s
step 27175/30000 loss 6.3128 (dino 3.6961 ibot 2.6414 gram 0.0024 koleo -0.2703) lr 3.30e-06 0.839 it/s
step 27200/30000 loss 6.0200 (dino 3.1790 ibot 2.6644 gram 0.0021 koleo 1.7447) lr 3.26e-06 0.839 it/s
step 27225/30000 loss 6.5398 (dino 3.3659 ibot 2.9653 gram 0.0020 koleo 2.0654) lr 3.22e-06 0.838 it/s
step 27250/30000 loss 6.0333 (dino 2.8225 ibot 2.7995 gram 0.0020 koleo 4.0930) lr 3.18e-06 0.837 it/s
step 27275/30000 loss 6.9245 (dino 3.8680 ibot 2.8324 gram 0.0022 koleo 2.2189) lr 3.14e-06 0.837 it/s
step 27300/30000 loss 6.4532 (dino 3.6006 ibot 2.7606 gram 0.0020 koleo 0.9002) lr 3.10e-06 0.836 it/s
step 27325/30000 loss 6.9285 (dino 3.9727 ibot 2.7471 gram 0.0020 koleo 2.0668) lr 3.07e-06 0.835 it/s
step 27350/30000 loss 6.0849 (dino 3.5766 ibot 2.4499 gram 0.0021 koleo 0.5621) lr 3.03e-06 0.835 it/s
step 27375/30000 loss 5.9811 (dino 3.3725 ibot 2.5152 gram 0.0025 koleo 0.9084) lr 2.99e-06 0.834 it/s
step 27400/30000 loss 6.3343 (dino 3.8045 ibot 2.4675 gram 0.0025 koleo 0.5970) lr 2.95e-06 0.833 it/s
step 27425/30000 loss 6.2671 (dino 3.3566 ibot 2.7669 gram 0.0023 koleo 1.4133) lr 2.91e-06 0.833 it/s
step 27450/30000 loss 6.2166 (dino 3.3829 ibot 2.7721 gram 0.0027 koleo 0.5894) lr 2.88e-06 0.832 it/s
step 27475/30000 loss 6.9222 (dino 4.1569 ibot 2.6203 gram 0.0026 koleo 1.4251) lr 2.84e-06 0.831 it/s
step 27500/30000 loss 6.7266 (dino 3.5705 ibot 2.8943 gram 0.0024 koleo 2.5947) lr 2.81e-06 0.831 it/s
step 27525/30000 loss 6.0856 (dino 3.1865 ibot 2.7209 gram 0.0024 koleo 1.7574) lr 2.77e-06 0.830 it/s
step 27550/30000 loss 5.6607 (dino 3.2381 ibot 2.2136 gram 0.0019 koleo 2.0715) lr 2.73e-06 0.829 it/s
step 27575/30000 loss 7.2961 (dino 4.0494 ibot 2.9215 gram 0.0020 koleo 3.2321) lr 2.70e-06 0.829 it/s
step 27600/30000 loss 5.7112 (dino 2.9377 ibot 2.5307 gram 0.0020 koleo 2.4083) lr 2.66e-06 0.828 it/s
step 27625/30000 loss 7.0168 (dino 4.1257 ibot 2.7899 gram 0.0021 koleo 0.9910) lr 2.63e-06 0.827 it/s
step 27650/30000 loss 6.3548 (dino 3.5175 ibot 2.7768 gram 0.0024 koleo 0.5813) lr 2.60e-06 0.827 it/s
step 27675/30000 loss 6.9876 (dino 3.6015 ibot 3.2432 gram 0.0022 koleo 1.4071) lr 2.56e-06 0.826 it/s
step 27700/30000 loss 6.9203 (dino 4.0567 ibot 2.8043 gram 0.0025 koleo 0.5678) lr 2.53e-06 0.825 it/s
step 27725/30000 loss 6.5694 (dino 3.7298 ibot 2.7810 gram 0.0027 koleo 0.5594) lr 2.50e-06 0.825 it/s
step 27750/30000 loss 6.9443 (dino 3.8638 ibot 3.0201 gram 0.0028 koleo 0.5754) lr 2.46e-06 0.824 it/s
step 27775/30000 loss 7.2611 (dino 4.6938 ibot 2.4212 gram 0.0021 koleo 1.4397) lr 2.43e-06 0.824 it/s
step 27800/30000 loss 5.5328 (dino 2.9369 ibot 2.5351 gram 0.0021 koleo 0.5866) lr 2.40e-06 0.823 it/s
step 27825/30000 loss 5.8260 (dino 3.0789 ibot 2.7707 gram 0.0025 koleo -0.2602) lr 2.37e-06 0.822 it/s
step 27850/30000 loss 7.0539 (dino 3.8922 ibot 2.9520 gram 0.0024 koleo 2.0729) lr 2.34e-06 0.822 it/s
step 27875/30000 loss 7.3360 (dino 4.3652 ibot 2.8201 gram 0.0024 koleo 1.4838) lr 2.31e-06 0.821 it/s
step 27900/30000 loss 5.9003 (dino 3.3144 ibot 2.4086 gram 0.0019 koleo 1.7550) lr 2.28e-06 0.820 it/s
step 27925/30000 loss 6.4953 (dino 3.5927 ibot 2.4143 gram 0.0022 koleo 4.8612) lr 2.25e-06 0.820 it/s
step 27950/30000 loss 6.8718 (dino 4.0798 ibot 2.6995 gram 0.0024 koleo 0.9018) lr 2.22e-06 0.819 it/s
step 27975/30000 loss 5.9698 (dino 3.7972 ibot 2.1975 gram 0.0017 koleo -0.2655) lr 2.19e-06 0.818 it/s
step 28000/30000 loss 7.2541 (dino 4.4819 ibot 2.5945 gram 0.0022 koleo 1.7560) lr 2.16e-06 0.818 it/s
step 28025/30000 loss 5.9169 (dino 3.2752 ibot 2.4985 gram 0.0019 koleo 1.4123) lr 2.13e-06 0.817 it/s
step 28050/30000 loss 5.4746 (dino 2.6842 ibot 2.6785 gram 0.0022 koleo 1.0965) lr 2.10e-06 0.817 it/s
step 28075/30000 loss 7.0715 (dino 3.3234 ibot 3.5218 gram 0.0022 koleo 2.2412) lr 2.07e-06 0.816 it/s
step 28100/30000 loss 6.2450 (dino 3.5590 ibot 2.5092 gram 0.0021 koleo 1.7464) lr 2.05e-06 0.815 it/s
step 28125/30000 loss 5.2618 (dino 2.5359 ibot 2.4460 gram 0.0025 koleo 2.7737) lr 2.02e-06 0.815 it/s
step 28150/30000 loss 6.0783 (dino 3.5799 ibot 2.3535 gram 0.0020 koleo 1.4292) lr 1.99e-06 0.814 it/s
step 28175/30000 loss 6.5364 (dino 3.8208 ibot 2.6559 gram 0.0025 koleo 0.5723) lr 1.97e-06 0.813 it/s
step 28200/30000 loss 5.2926 (dino 2.9724 ibot 2.1436 gram 0.0026 koleo 1.7401) lr 1.94e-06 0.813 it/s
step 28225/30000 loss 6.4439 (dino 3.4861 ibot 2.7634 gram 0.0019 koleo 1.9249) lr 1.91e-06 0.812 it/s
step 28250/30000 loss 6.1921 (dino 3.0451 ibot 2.8202 gram 0.0023 koleo 3.2443) lr 1.89e-06 0.812 it/s
step 28275/30000 loss 7.4512 (dino 4.4978 ibot 2.8608 gram 0.0020 koleo 0.9053) lr 1.86e-06 0.811 it/s
step 28300/30000 loss 7.2235 (dino 4.0093 ibot 2.9041 gram 0.0026 koleo 3.0750) lr 1.84e-06 0.810 it/s
step 28325/30000 loss 6.5981 (dino 3.8702 ibot 2.6358 gram 0.0017 koleo 0.9046) lr 1.81e-06 0.810 it/s
step 28350/30000 loss 6.5305 (dino 3.9209 ibot 2.5815 gram 0.0019 koleo 0.2623) lr 1.79e-06 0.809 it/s
step 28375/30000 loss 4.4632 (dino 2.6649 ibot 1.6210 gram 0.0016 koleo 1.7570) lr 1.77e-06 0.809 it/s
step 28400/30000 loss 6.5999 (dino 3.8545 ibot 2.4862 gram 0.0020 koleo 2.5721) lr 1.74e-06 0.808 it/s
step 28425/30000 loss 7.7207 (dino 4.3024 ibot 3.0672 gram 0.0020 koleo 3.4910) lr 1.72e-06 0.808 it/s
step 28450/30000 loss 6.9594 (dino 4.0250 ibot 2.7919 gram 0.0023 koleo 1.4025) lr 1.70e-06 0.807 it/s
step 28475/30000 loss 5.6956 (dino 2.9795 ibot 2.5733 gram 0.0022 koleo 1.4062) lr 1.67e-06 0.806 it/s
step 28500/30000 loss 6.4441 (dino 3.7617 ibot 2.6233 gram 0.0023 koleo 0.5685) lr 1.65e-06 0.806 it/s
step 28525/30000 loss 7.0124 (dino 4.2612 ibot 2.7755 gram 0.0024 koleo -0.2669) lr 1.63e-06 0.805 it/s
step 28550/30000 loss 7.4778 (dino 3.9903 ibot 3.4284 gram 0.0020 koleo 0.5712) lr 1.61e-06 0.805 it/s
step 28575/30000 loss 7.1678 (dino 4.4564 ibot 2.3855 gram 0.0018 koleo 3.2404) lr 1.59e-06 0.804 it/s
step 28600/30000 loss 5.6808 (dino 3.1482 ibot 2.4399 gram 0.0019 koleo 0.9079) lr 1.57e-06 0.804 it/s
step 28625/30000 loss 6.3112 (dino 3.4465 ibot 2.8063 gram 0.0022 koleo 0.5623) lr 1.55e-06 0.803 it/s
step 28650/30000 loss 6.5713 (dino 3.5692 ibot 2.6901 gram 0.0023 koleo 3.0956) lr 1.53e-06 0.802 it/s
step 28675/30000 loss 6.5694 (dino 3.5948 ibot 2.7967 gram 0.0025 koleo 1.7532) lr 1.51e-06 0.802 it/s
step 28700/30000 loss 6.2031 (dino 2.9966 ibot 2.9130 gram 0.0027 koleo 2.9085) lr 1.49e-06 0.801 it/s
step 28725/30000 loss 7.0353 (dino 4.2970 ibot 2.6372 gram 0.0018 koleo 0.9936) lr 1.47e-06 0.801 it/s
step 28750/30000 loss 6.8678 (dino 4.0803 ibot 2.8109 gram 0.0022 koleo -0.2564) lr 1.45e-06 0.800 it/s
step 28775/30000 loss 7.1396 (dino 3.9768 ibot 2.5322 gram 0.0024 koleo 6.2829) lr 1.44e-06 0.800 it/s
step 28800/30000 loss 6.4606 (dino 3.5125 ibot 2.8074 gram 0.0021 koleo 1.3858) lr 1.42e-06 0.799 it/s
step 28825/30000 loss 6.9330 (dino 3.7165 ibot 3.1387 gram 0.0024 koleo 0.7535) lr 1.40e-06 0.798 it/s
step 28850/30000 loss 7.0228 (dino 3.9121 ibot 2.9192 gram 0.0022 koleo 1.8928) lr 1.38e-06 0.798 it/s
step 28875/30000 loss 7.0781 (dino 3.9751 ibot 2.9581 gram 0.0023 koleo 1.4260) lr 1.37e-06 0.797 it/s
step 28900/30000 loss 6.2320 (dino 3.3037 ibot 2.7521 gram 0.0027 koleo 1.7354) lr 1.35e-06 0.797 it/s
step 28925/30000 loss 7.0007 (dino 4.2773 ibot 2.7475 gram 0.0023 koleo -0.2644) lr 1.34e-06 0.796 it/s
step 28950/30000 loss 6.0197 (dino 3.9735 ibot 2.0715 gram 0.0017 koleo -0.2691) lr 1.32e-06 0.796 it/s
step 28975/30000 loss 7.5829 (dino 4.3567 ibot 3.0172 gram 0.0023 koleo 2.0668) lr 1.31e-06 0.795 it/s
step 29000/30000 loss 6.2080 (dino 3.2216 ibot 2.8932 gram 0.0024 koleo 0.9076) lr 1.29e-06 0.795 it/s
step 29025/30000 loss 5.6450 (dino 3.0612 ibot 2.5244 gram 0.0020 koleo 0.5737) lr 1.28e-06 0.794 it/s
step 29050/30000 loss 6.5628 (dino 3.5377 ibot 2.8483 gram 0.0022 koleo 1.7454) lr 1.26e-06 0.793 it/s
step 29075/30000 loss 6.7280 (dino 3.5914 ibot 2.9953 gram 0.0025 koleo 1.3889) lr 1.25e-06 0.793 it/s
step 29100/30000 loss 6.6242 (dino 3.6819 ibot 2.7466 gram 0.0022 koleo 1.9349) lr 1.24e-06 0.792 it/s
step 29125/30000 loss 7.2379 (dino 4.2401 ibot 2.9399 gram 0.0020 koleo 0.5591) lr 1.22e-06 0.792 it/s
step 29150/30000 loss 6.5119 (dino 3.4941 ibot 2.8405 gram 0.0022 koleo 1.7513) lr 1.21e-06 0.791 it/s
step 29175/30000 loss 6.3517 (dino 3.3031 ibot 2.6045 gram 0.0026 koleo 4.4140) lr 1.20e-06 0.791 it/s
step 29200/30000 loss 5.9880 (dino 3.5743 ibot 2.4379 gram 0.0020 koleo -0.2621) lr 1.19e-06 0.790 it/s
step 29225/30000 loss 6.1090 (dino 3.0036 ibot 3.0459 gram 0.0019 koleo 0.5752) lr 1.17e-06 0.790 it/s
step 29250/30000 loss 7.1769 (dino 3.9676 ibot 3.1170 gram 0.0025 koleo 0.8980) lr 1.16e-06 0.789 it/s
step 29275/30000 loss 6.6883 (dino 3.9036 ibot 2.6403 gram 0.0021 koleo 1.4228) lr 1.15e-06 0.789 it/s
step 29300/30000 loss 7.2154 (dino 3.9087 ibot 3.0481 gram 0.0024 koleo 2.5621) lr 1.14e-06 0.788 it/s
step 29325/30000 loss 7.0938 (dino 3.9150 ibot 3.0019 gram 0.0019 koleo 1.7492) lr 1.13e-06 0.788 it/s
step 29350/30000 loss 6.3928 (dino 3.6987 ibot 2.5524 gram 0.0022 koleo 1.3956) lr 1.12e-06 0.787 it/s
step 29375/30000 loss 5.4586 (dino 3.1005 ibot 2.2147 gram 0.0023 koleo 1.4116) lr 1.11e-06 0.787 it/s
step 29400/30000 loss 6.4543 (dino 3.4416 ibot 2.9518 gram 0.0022 koleo 0.5869) lr 1.10e-06 0.786 it/s
step 29425/30000 loss 7.2287 (dino 3.8930 ibot 3.0438 gram 0.0021 koleo 2.8989) lr 1.10e-06 0.786 it/s
step 29450/30000 loss 7.6658 (dino 4.2048 ibot 3.1356 gram 0.0020 koleo 3.2336) lr 1.09e-06 0.785 it/s
step 29475/30000 loss 7.7845 (dino 4.2968 ibot 3.5112 gram 0.0022 koleo -0.2572) lr 1.08e-06 0.784 it/s
step 29500/30000 loss 7.0517 (dino 3.9487 ibot 2.9075 gram 0.0020 koleo 1.9349) lr 1.07e-06 0.784 it/s
step 29525/30000 loss 6.5686 (dino 3.5192 ibot 2.7903 gram 0.0019 koleo 2.5719) lr 1.07e-06 0.783 it/s
step 29550/30000 loss 5.8351 (dino 3.2922 ibot 2.5673 gram 0.0020 koleo -0.2649) lr 1.06e-06 0.783 it/s
step 29575/30000 loss 7.1815 (dino 4.5065 ibot 2.4154 gram 0.0023 koleo 2.5727) lr 1.05e-06 0.782 it/s
step 29600/30000 loss 5.8362 (dino 2.9961 ibot 2.7474 gram 0.0024 koleo 0.9030) lr 1.05e-06 0.782 it/s
step 29625/30000 loss 6.8236 (dino 3.8874 ibot 2.9093 gram 0.0023 koleo 0.2465) lr 1.04e-06 0.781 it/s
step 29650/30000 loss 6.9153 (dino 3.6829 ibot 2.9390 gram 0.0021 koleo 2.9136) lr 1.04e-06 0.781 it/s
step 29675/30000 loss 6.6768 (dino 3.7501 ibot 2.9506 gram 0.0023 koleo -0.2619) lr 1.03e-06 0.780 it/s
step 29700/30000 loss 6.2947 (dino 3.3800 ibot 2.6206 gram 0.0021 koleo 2.9197) lr 1.03e-06 0.780 it/s
step 29725/30000 loss 7.1330 (dino 4.2004 ibot 2.7568 gram 0.0024 koleo 1.7345) lr 1.02e-06 0.779 it/s
step 29750/30000 loss 7.0739 (dino 4.0974 ibot 2.8843 gram 0.0026 koleo 0.8969) lr 1.02e-06 0.779 it/s
step 29775/30000 loss 5.7245 (dino 3.3673 ibot 2.2135 gram 0.0024 koleo 1.4120) lr 1.01e-06 0.778 it/s
step 29800/30000 loss 6.7002 (dino 3.5389 ibot 2.9851 gram 0.0022 koleo 1.7397) lr 1.01e-06 0.778 it/s
step 29825/30000 loss 5.7696 (dino 2.7439 ibot 2.6414 gram 0.0019 koleo 3.8242) lr 1.01e-06 0.777 it/s
step 29850/30000 loss 6.8887 (dino 3.7049 ibot 2.9745 gram 0.0022 koleo 2.0710) lr 1.01e-06 0.777 it/s
step 29875/30000 loss 7.5654 (dino 4.3990 ibot 2.9906 gram 0.0023 koleo 1.7349) lr 1.00e-06 0.776 it/s
step 29900/30000 loss 6.9672 (dino 3.8500 ibot 2.8237 gram 0.0023 koleo 2.9119) lr 1.00e-06 0.776 it/s
step 29925/30000 loss 6.5131 (dino 3.5858 ibot 2.6087 gram 0.0023 koleo 3.1630) lr 1.00e-06 0.775 it/s
step 29950/30000 loss 6.8219 (dino 3.9841 ibot 2.7442 gram 0.0024 koleo 0.9116) lr 1.00e-06 0.775 it/s
step 29975/30000 loss 7.3273 (dino 4.3015 ibot 2.8173 gram 0.0022 koleo 2.0622) lr 1.00e-06 0.774 it/s
step 30000/30000 loss 5.5776 (dino 2.7614 ibot 2.6726 gram 0.0018 koleo 1.4177) lr 1.00e-06 0.774 it/s
[done] 30000 steps in 10.77 h
